frame,agents,grid_points_total,grid_points_tracked,background_pixels,median_dx_from_start,median_dy_from_start,median_speed_from_start,video_path
0,0,216,216,240000,0.0,0.0,0.0,generated_videos/surface_grid_2_car.mp4
1,0,349,213,240000,0.0,0.0,0.0,generated_videos/surface_grid_2_car.mp4
2,0,475,221,240000,0.0,0.0,0.0,generated_videos/surface_grid_2_car.mp4
3,0,594,214,240000,0.0,0.0,0.0,generated_videos/surface_grid_2_car.mp4
4,0,678,221,240000,0.0,0.0,13.051019668579102,generated_videos/surface_grid_2_car.mp4
5,0,755,214,240000,0.0,0.0,19.264245986938477,generated_videos/surface_grid_2_car.mp4
6,1,799,56,73779,0.0,0.0,0.0,generated_videos/surface_grid_2_car.mp4
7,1,835,45,67954,0.0,0.0,0.0,generated_videos/surface_grid_2_car.mp4
8,1,860,36,59752,0.0,0.0,0.0,generated_videos/surface_grid_2_car.mp4
9,1,880,33,51018,0.0,0.0,0.0,generated_videos/surface_grid_2_car.mp4
10,1,896,27,38982,0.0,0.0,0.0,generated_videos/surface_grid_2_car.mp4
11,1,909,21,37672,0.0,0.0,0.0,generated_videos/surface_grid_2_car.mp4
12,1,922,21,40200,0.0,0.0,0.0,generated_videos/surface_grid_2_car.mp4
13,1,935,21,37800,0.0,0.0,0.0,generated_videos/surface_grid_2_car.mp4
14,0,1146,219,240000,0.0,0.0,0.0,generated_videos/surface_grid_2_car.mp4
15,1,1159,21,39000,0.0,0.0,0.0,generated_videos/surface_grid_2_car.mp4
16,0,1370,219,240000,0.0,0.0,0.0,generated_videos/surface_grid_2_car.mp4
17,0,1500,205,240000,0.0,0.0,0.0,generated_videos/surface_grid_2_car.mp4
18,0,1624,203,240000,0.0,0.0,0.0,generated_videos/surface_grid_2_car.mp4
19,0,1740,197,240000,0.0,0.0,0.0,generated_videos/surface_grid_2_car.mp4
20,0,1861,199,240000,0.0,0.0,0.0,generated_videos/surface_grid_2_car.mp4
21,0,1976,196,240000,0.0,0.0,0.0,generated_videos/surface_grid_2_car.mp4
22,0,2097,195,240000,0.0,0.0,0.0,generated_videos/surface_grid_2_car.mp4
23,0,2220,196,240000,0.0,0.0,0.0,generated_videos/surface_grid_2_car.mp4
24,0,2348,207,240000,0.0,0.0,0.0,generated_videos/surface_grid_2_car.mp4
25,0,2480,211,240000,0.0,0.0,0.0,generated_videos/surface_grid_2_car.mp4
26,0,2614,212,240000,0.0,0.0,0.0,generated_videos/surface_grid_2_car.mp4
27,0,2749,212,240000,0.0,0.0,0.0,generated_videos/surface_grid_2_car.mp4
28,0,2884,218,240000,0.0,0.0,0.0,generated_videos/surface_grid_2_car.mp4
29,0,3023,219,240000,0.0,0.0,0.0,generated_videos/surface_grid_2_car.mp4
30,0,3166,217,240000,0.0,0.0,0.0,generated_videos/surface_grid_2_car.mp4
31,0,3308,215,240000,0.0,0.0,0.0,generated_videos/surface_grid_2_car.mp4
32,0,3451,216,240000,0.0,0.0,0.0,generated_videos/surface_grid_2_car.mp4
33,0,3601,218,240000,0.0,0.0,0.0,generated_videos/surface_grid_2_car.mp4
34,0,3764,221,240000,0.0,0.0,0.0,generated_videos/surface_grid_2_car.mp4
35,0,3920,218,240000,0.0,0.0,0.0,generated_videos/surface_grid_2_car.mp4
36,0,4073,210,240000,0.0,0.0,0.0,generated_videos/surface_grid_2_car.mp4
37,0,4227,215,240000,0.0,0.0,0.0,generated_videos/surface_grid_2_car.mp4
38,0,4378,209,240000,0.0,0.0,0.0,generated_videos/surface_grid_2_car.mp4
39,0,4537,211,240000,0.0,0.0,0.0,generated_videos/surface_grid_2_car.mp4
40,0,4697,212,240000,0.0,0.0,0.0,generated_videos/surface_grid_2_car.mp4
41,0,4863,217,240000,0.0,0.0,0.0,generated_videos/surface_grid_2_car.mp4
42,0,5023,210,240000,0.0,0.0,0.0,generated_videos/surface_grid_2_car.mp4
43,0,5183,212,240000,0.0,0.0,0.0,generated_videos/surface_grid_2_car.mp4
44,0,5343,210,240000,0.0,0.0,0.0,generated_videos/surface_grid_2_car.mp4
45,0,5502,211,240000,0.0,0.0,0.0,generated_videos/surface_grid_2_car.mp4
46,0,5668,218,240000,0.0,0.0,0.0,generated_videos/surface_grid_2_car.mp4
47,0,5829,219,240000,0.0,0.0,0.0,generated_videos/surface_grid_2_car.mp4
48,0,5988,217,240000,0.0,0.0,0.0,generated_videos/surface_grid_2_car.mp4
49,0,6147,217,240000,0.0,0.0,0.0,generated_videos/surface_grid_2_car.mp4
50,0,6306,216,240000,0.0,0.0,0.0,generated_videos/surface_grid_2_car.mp4
51,0,6470,220,240000,0.0,0.0,0.0,generated_videos/surface_grid_2_car.mp4
52,0,6632,218,240000,0.0,0.0,0.0,generated_videos/surface_grid_2_car.mp4
53,0,6790,216,240000,0.0,0.0,0.0,generated_videos/surface_grid_2_car.mp4
54,0,6953,219,240000,0.0,0.0,0.0,generated_videos/surface_grid_2_car.mp4
55,0,7114,219,240000,0.0,0.0,0.0,generated_videos/surface_grid_2_car.mp4
56,0,7279,224,240000,0.0,0.0,0.0,generated_videos/surface_grid_2_car.mp4
57,0,7442,223,240000,0.0,0.0,0.0,generated_videos/surface_grid_2_car.mp4
58,0,7608,225,240000,0.0,0.0,0.0,generated_videos/surface_grid_2_car.mp4
59,0,7774,228,240000,0.0,0.0,0.0,generated_videos/surface_grid_2_car.mp4
60,0,7942,227,240000,0.0,0.0,0.0,generated_videos/surface_grid_2_car.mp4
61,0,8104,221,240000,0.0,0.0,0.0,generated_videos/surface_grid_2_car.mp4
62,0,8253,212,240000,0.0,0.0,0.0,generated_videos/surface_grid_2_car.mp4
63,0,8398,213,240000,0.0,0.0,0.0,generated_videos/surface_grid_2_car.mp4
64,0,8553,221,240000,0.0,0.0,0.0,generated_videos/surface_grid_2_car.mp4
65,0,8707,222,240000,0.0,0.0,0.0,generated_videos/surface_grid_2_car.mp4
66,0,8860,220,240000,0.0,0.0,0.0,generated_videos/surface_grid_2_car.mp4
67,0,9013,223,240000,0.0,0.0,0.0,generated_videos/surface_grid_2_car.mp4
68,0,9156,218,240000,0.0,0.0,0.0,generated_videos/surface_grid_2_car.mp4
69,0,9306,223,240000,0.0,0.0,0.0,generated_videos/surface_grid_2_car.mp4
70,0,9463,226,240000,0.0,0.0,0.0,generated_videos/surface_grid_2_car.mp4
71,0,9619,229,240000,0.0,0.0,0.0,generated_videos/surface_grid_2_car.mp4
72,0,9769,225,240000,0.0,0.0,0.0,generated_videos/surface_grid_2_car.mp4
73,0,9920,224,240000,0.0,0.0,0.0,generated_videos/surface_grid_2_car.mp4
74,0,10078,230,240000,0.0,0.0,0.0,generated_videos/surface_grid_2_car.mp4
75,0,10232,229,240000,0.0,0.0,0.0,generated_videos/surface_grid_2_car.mp4
76,0,10382,223,240000,0.0,0.0,0.0,generated_videos/surface_grid_2_car.mp4
77,0,10535,224,240000,0.0,0.0,0.0,generated_videos/surface_grid_2_car.mp4
78,0,10694,229,240000,0.0,0.0,0.0,generated_videos/surface_grid_2_car.mp4
79,0,10848,229,240000,0.0,0.0,0.0,generated_videos/surface_grid_2_car.mp4
80,0,11008,235,240000,0.0,0.0,0.0,generated_videos/surface_grid_2_car.mp4
81,0,11166,235,240000,0.0,0.0,0.0,generated_videos/surface_grid_2_car.mp4
82,0,11322,234,240000,0.0,0.0,0.0,generated_videos/surface_grid_2_car.mp4
83,0,11476,234,240000,0.0,0.0,0.0,generated_videos/surface_grid_2_car.mp4
84,0,11624,233,240000,0.0,0.0,0.0,generated_videos/surface_grid_2_car.mp4
85,0,11772,234,240000,0.0,0.0,0.0,generated_videos/surface_grid_2_car.mp4
86,0,11920,237,240000,0.0,0.0,0.0,generated_videos/surface_grid_2_car.mp4
87,0,12062,237,240000,0.0,0.0,0.0,generated_videos/surface_grid_2_car.mp4
88,0,12210,241,240000,0.0,0.0,0.0,generated_videos/surface_grid_2_car.mp4
89,0,12349,236,240000,0.0,0.0,0.0,generated_videos/surface_grid_2_car.mp4
90,0,12495,240,240000,0.0,0.0,0.0,generated_videos/surface_grid_2_car.mp4
91,0,12635,239,240000,0.0,0.0,0.0,generated_videos/surface_grid_2_car.mp4
92,0,12778,245,240000,0.0,0.0,0.0,generated_videos/surface_grid_2_car.mp4
93,0,12929,250,240000,0.0,0.0,0.0,generated_videos/surface_grid_2_car.mp4
94,0,13072,248,240000,0.0,0.0,0.0,generated_videos/surface_grid_2_car.mp4
95,0,13218,246,240000,0.0,0.0,0.0,generated_videos/surface_grid_2_car.mp4
96,0,13368,252,240000,0.0,0.0,0.0,generated_videos/surface_grid_2_car.mp4
97,0,13511,250,240000,0.0,0.0,0.0,generated_videos/surface_grid_2_car.mp4
98,0,13660,258,240000,0.0,0.0,0.0,generated_videos/surface_grid_2_car.mp4
99,0,13811,264,240000,0.0,0.0,0.0,generated_videos/surface_grid_2_car.mp4
100,0,13956,258,240000,0.0,0.0,0.0,generated_videos/surface_grid_2_car.mp4
101,0,14106,266,240000,0.0,0.0,0.0,generated_videos/surface_grid_2_car.mp4
102,0,14247,260,240000,0.0,0.0,0.0,generated_videos/surface_grid_2_car.mp4
103,0,14391,263,240000,0.0,0.0,0.0,generated_videos/surface_grid_2_car.mp4
104,0,14534,261,240000,0.0,0.0,0.0,generated_videos/surface_grid_2_car.mp4
105,0,14675,263,240000,0.0,0.0,0.0,generated_videos/surface_grid_2_car.mp4
106,0,14810,252,240000,0.0,0.0,0.0,generated_videos/surface_grid_2_car.mp4
107,0,14955,256,240000,0.0,0.0,0.0,generated_videos/surface_grid_2_car.mp4
108,0,15092,253,240000,0.0,0.0,0.0,generated_videos/surface_grid_2_car.mp4
109,0,15225,248,240000,0.0,0.0,0.0,generated_videos/surface_grid_2_car.mp4
110,0,15365,254,240000,0.0,0.0,0.0,generated_videos/surface_grid_2_car.mp4
111,0,15512,263,240000,0.0,0.0,0.0,generated_videos/surface_grid_2_car.mp4
112,0,15656,260,240000,0.0,0.0,0.0,generated_videos/surface_grid_2_car.mp4
113,0,15801,262,240000,0.0,0.0,0.0,generated_videos/surface_grid_2_car.mp4
114,0,15936,253,240000,0.0,0.0,0.0,generated_videos/surface_grid_2_car.mp4
115,0,16076,257,240000,0.0,0.0,0.0,generated_videos/surface_grid_2_car.mp4
116,0,16217,256,240000,0.0,0.0,0.0,generated_videos/surface_grid_2_car.mp4
117,0,16362,260,240000,0.0,0.0,0.0,generated_videos/surface_grid_2_car.mp4
118,0,16510,262,240000,0.0,0.0,0.0,generated_videos/surface_grid_2_car.mp4
119,0,16664,264,240000,0.0,0.0,0.0,generated_videos/surface_grid_2_car.mp4
120,0,16818,266,240000,0.0,0.0,0.0,generated_videos/surface_grid_2_car.mp4
121,0,16971,264,240000,0.0,0.0,0.0,generated_videos/surface_grid_2_car.mp4
122,0,17124,267,240000,0.0,0.0,0.0,generated_videos/surface_grid_2_car.mp4
123,0,17282,269,240000,0.0,0.0,0.0,generated_videos/surface_grid_2_car.mp4
124,0,17433,246,240000,0.0,0.0,0.0,generated_videos/surface_grid_2_car.mp4
125,0,17586,254,240000,0.0,0.0,0.0,generated_videos/surface_grid_2_car.mp4
126,0,17744,250,240000,0.0,0.0,0.0,generated_videos/surface_grid_2_car.mp4
127,0,17896,249,240000,0.0,0.0,0.0,generated_videos/surface_grid_2_car.mp4
128,0,18045,244,240000,0.0,0.0,0.0,generated_videos/surface_grid_2_car.mp4
129,0,18200,250,240000,0.0,0.0,0.0,generated_videos/surface_grid_2_car.mp4
130,0,18356,251,240000,0.0,0.0,0.0,generated_videos/surface_grid_2_car.mp4
131,0,18509,250,240000,0.0,0.0,0.0,generated_videos/surface_grid_2_car.mp4
132,0,18660,244,240000,0.0,0.0,0.0,generated_videos/surface_grid_2_car.mp4
133,0,18809,243,240000,0.0,0.0,0.0,generated_videos/surface_grid_2_car.mp4
134,0,18968,252,240000,0.0,0.0,0.0,generated_videos/surface_grid_2_car.mp4
135,0,19122,250,240000,0.0,0.0,0.0,generated_videos/surface_grid_2_car.mp4
136,0,19281,252,240000,0.0,0.0,0.0,generated_videos/surface_grid_2_car.mp4
137,0,19444,257,240000,0.0,0.0,0.0,generated_videos/surface_grid_2_car.mp4
138,0,19606,259,240000,0.0,0.0,0.0,generated_videos/surface_grid_2_car.mp4
139,0,19761,255,240000,0.0,0.0,0.0,generated_videos/surface_grid_2_car.mp4
140,0,19919,259,240000,0.0,0.0,0.0,generated_videos/surface_grid_2_car.mp4
141,0,20074,258,240000,0.0,0.0,0.0,generated_videos/surface_grid_2_car.mp4
142,0,20228,257,240000,0.0,0.0,0.0,generated_videos/surface_grid_2_car.mp4
143,0,20385,258,240000,0.0,0.0,0.0,generated_videos/surface_grid_2_car.mp4
144,0,20541,258,240000,0.0,0.0,0.0,generated_videos/surface_grid_2_car.mp4
145,0,20697,262,240000,0.0,0.0,0.0,generated_videos/surface_grid_2_car.mp4
146,0,20856,262,240000,0.0,0.0,0.0,generated_videos/surface_grid_2_car.mp4
147,0,21012,261,240000,0.0,0.0,0.0,generated_videos/surface_grid_2_car.mp4
148,0,21168,261,240000,0.0,0.0,0.0,generated_videos/surface_grid_2_car.mp4
149,0,21324,263,240000,0.0,0.0,0.0,generated_videos/surface_grid_2_car.mp4
150,0,21479,259,240000,0.0,0.0,0.0,generated_videos/surface_grid_2_car.mp4
151,0,21636,267,240000,0.0,0.0,0.0,generated_videos/surface_grid_2_car.mp4
152,0,21792,267,240000,0.0,0.0,0.0,generated_videos/surface_grid_2_car.mp4
153,0,21945,263,240000,0.0,0.0,0.0,generated_videos/surface_grid_2_car.mp4
154,0,22094,263,240000,0.0,0.0,0.0,generated_videos/surface_grid_2_car.mp4
155,0,22245,263,240000,0.0,0.0,0.0,generated_videos/surface_grid_2_car.mp4
156,0,22401,264,240000,0.0,0.0,0.0,generated_videos/surface_grid_2_car.mp4
157,0,22544,256,240000,0.0,0.0,0.0,generated_videos/surface_grid_2_car.mp4
158,0,22702,270,240000,0.0,0.0,0.0,generated_videos/surface_grid_2_car.mp4
159,0,22854,269,240000,0.0,0.0,0.0,generated_videos/surface_grid_2_car.mp4
160,0,23004,268,240000,0.0,0.0,0.0,generated_videos/surface_grid_2_car.mp4
161,0,23150,270,240000,0.0,0.0,0.0,generated_videos/surface_grid_2_car.mp4
162,0,23300,271,240000,0.0,0.0,0.0,generated_videos/surface_grid_2_car.mp4
163,0,23457,272,240000,0.0,0.0,0.0,generated_videos/surface_grid_2_car.mp4
164,0,23614,273,240000,0.0,0.0,0.0,generated_videos/surface_grid_2_car.mp4
165,0,23765,271,240000,0.0,0.0,0.0,generated_videos/surface_grid_2_car.mp4
166,0,23917,271,240000,0.0,0.0,0.0,generated_videos/surface_grid_2_car.mp4
167,0,24069,267,240000,0.0,0.0,0.0,generated_videos/surface_grid_2_car.mp4
168,0,24227,273,240000,0.0,0.0,0.0,generated_videos/surface_grid_2_car.mp4
169,0,24384,272,240000,0.0,0.0,0.0,generated_videos/surface_grid_2_car.mp4
170,0,24537,269,240000,0.0,0.0,0.0,generated_videos/surface_grid_2_car.mp4
171,0,24686,268,240000,0.0,0.0,0.0,generated_videos/surface_grid_2_car.mp4
172,0,24843,269,240000,0.0,0.0,0.0,generated_videos/surface_grid_2_car.mp4
173,0,24998,270,240000,0.0,0.0,0.0,generated_videos/surface_grid_2_car.mp4
174,0,25151,263,240000,0.0,0.0,0.0,generated_videos/surface_grid_2_car.mp4
175,0,25307,262,240000,0.0,0.0,0.0,generated_videos/surface_grid_2_car.mp4
176,0,25458,269,240000,0.0,0.0,0.0,generated_videos/surface_grid_2_car.mp4
177,0,25605,262,240000,0.0,0.0,0.0,generated_videos/surface_grid_2_car.mp4
178,0,25752,262,240000,0.0,0.0,0.0,generated_videos/surface_grid_2_car.mp4
179,0,25902,267,240000,0.0,0.0,0.0,generated_videos/surface_grid_2_car.mp4
180,0,26050,270,240000,0.0,0.0,0.0,generated_videos/surface_grid_2_car.mp4
181,0,26197,269,240000,0.0,0.0,0.0,generated_videos/surface_grid_2_car.mp4
182,0,26346,273,240000,0.0,0.0,0.0,generated_videos/surface_grid_2_car.mp4
183,0,26492,275,240000,0.0,0.0,0.0,generated_videos/surface_grid_2_car.mp4
184,0,26634,275,240000,0.0,0.0,0.0,generated_videos/surface_grid_2_car.mp4
185,0,26786,280,240000,0.0,0.0,0.0,generated_videos/surface_grid_2_car.mp4
186,0,26926,273,240000,0.0,0.0,0.0,generated_videos/surface_grid_2_car.mp4
187,0,27076,278,240000,0.0,0.0,0.0,generated_videos/surface_grid_2_car.mp4
188,0,27240,282,240000,0.0,0.0,0.0,generated_videos/surface_grid_2_car.mp4
189,0,27396,273,240000,0.0,0.0,0.0,generated_videos/surface_grid_2_car.mp4
190,0,27554,270,240000,0.0,0.0,0.0,generated_videos/surface_grid_2_car.mp4
191,0,27708,271,240000,0.0,0.0,0.0,generated_videos/surface_grid_2_car.mp4
192,0,27862,271,240000,0.0,0.0,0.0,generated_videos/surface_grid_2_car.mp4
193,0,28016,278,240000,0.0,0.0,0.0,generated_videos/surface_grid_2_car.mp4
194,0,28171,278,240000,0.0,0.0,0.0,generated_videos/surface_grid_2_car.mp4
195,0,28328,280,240000,0.0,0.0,0.0,generated_videos/surface_grid_2_car.mp4
196,0,28481,278,240000,0.0,0.0,0.0,generated_videos/surface_grid_2_car.mp4
197,0,28638,285,240000,0.0,0.0,0.0,generated_videos/surface_grid_2_car.mp4
198,0,28785,277,240000,0.0,0.0,0.0,generated_videos/surface_grid_2_car.mp4
199,0,28930,280,240000,0.0,0.0,0.0,generated_videos/surface_grid_2_car.mp4
200,0,29091,285,240000,0.0,0.0,0.0,generated_videos/surface_grid_2_car.mp4
201,0,29246,283,240000,0.0,0.0,0.0,generated_videos/surface_grid_2_car.mp4
202,0,29400,284,240000,0.0,0.0,0.0,generated_videos/surface_grid_2_car.mp4
203,0,29555,287,240000,0.0,0.0,0.0,generated_videos/surface_grid_2_car.mp4
204,0,29707,286,240000,0.0,0.0,0.0,generated_videos/surface_grid_2_car.mp4
205,0,29861,286,240000,0.0,0.0,0.0,generated_videos/surface_grid_2_car.mp4
206,0,30011,281,240000,0.0,0.0,0.0,generated_videos/surface_grid_2_car.mp4
207,0,30162,281,240000,0.0,0.0,0.0,generated_videos/surface_grid_2_car.mp4
208,0,30318,286,240000,0.0,0.0,0.0,generated_videos/surface_grid_2_car.mp4
209,0,30470,282,240000,0.0,0.0,0.0,generated_videos/surface_grid_2_car.mp4
210,0,30627,278,240000,0.0,0.0,0.0,generated_videos/surface_grid_2_car.mp4
211,0,30787,282,240000,0.0,0.0,0.0,generated_videos/surface_grid_2_car.mp4
212,0,30944,280,240000,0.0,0.0,0.0,generated_videos/surface_grid_2_car.mp4
213,0,31102,281,240000,0.0,0.0,0.0,generated_videos/surface_grid_2_car.mp4
214,0,31261,282,240000,0.0,0.0,0.0,generated_videos/surface_grid_2_car.mp4
215,0,31414,283,240000,0.0,0.0,0.0,generated_videos/surface_grid_2_car.mp4
216,0,31570,286,240000,0.0,0.0,0.0,generated_videos/surface_grid_2_car.mp4
217,0,31723,285,240000,0.0,0.0,0.0,generated_videos/surface_grid_2_car.mp4
218,0,31869,279,240000,0.0,0.0,0.0,generated_videos/surface_grid_2_car.mp4
219,0,32016,282,240000,0.0,0.0,0.0,generated_videos/surface_grid_2_car.mp4
220,0,32170,286,240000,0.0,0.0,0.0,generated_videos/surface_grid_2_car.mp4
221,0,32314,282,240000,0.0,0.0,0.0,generated_videos/surface_grid_2_car.mp4
222,0,32458,284,240000,0.0,0.0,0.0,generated_videos/surface_grid_2_car.mp4
223,0,32602,285,240000,0.0,0.0,0.0,generated_videos/surface_grid_2_car.mp4
224,0,32749,284,240000,0.0,0.0,0.0,generated_videos/surface_grid_2_car.mp4
225,0,32891,282,240000,0.0,0.0,0.0,generated_videos/surface_grid_2_car.mp4
226,0,33044,290,240000,0.0,0.0,0.0,generated_videos/surface_grid_2_car.mp4
227,0,33183,282,240000,0.0,0.0,7.073015213012695,generated_videos/surface_grid_2_car.mp4
228,0,33329,284,240000,0.0,0.0,0.0,generated_videos/surface_grid_2_car.mp4
229,0,33473,284,240000,0.0,0.0,0.0,generated_videos/surface_grid_2_car.mp4
230,0,33620,288,240000,0.0,0.0,0.0,generated_videos/surface_grid_2_car.mp4
231,0,33765,285,240000,0.0,0.0,0.0,generated_videos/surface_grid_2_car.mp4
232,0,33906,281,240000,0.0,0.0,0.0,generated_videos/surface_grid_2_car.mp4
233,0,34049,284,240000,0.0,0.0,0.0,generated_videos/surface_grid_2_car.mp4
234,0,34198,293,240000,0.0,0.0,0.0,generated_videos/surface_grid_2_car.mp4
235,0,34341,290,240000,0.0,0.0,2.146103620529175,generated_videos/surface_grid_2_car.mp4
236,0,34480,286,240000,0.0,0.0266265869140625,7.946231365203857,generated_videos/surface_grid_2_car.mp4
237,0,34624,289,240000,0.0,0.0,0.14116451144218445,generated_videos/surface_grid_2_car.mp4
238,0,34762,289,240000,0.0,0.00030517578125,0.007497299928218126,generated_videos/surface_grid_2_car.mp4
239,0,34905,294,240000,0.0,0.026611328125,6.399591445922852,generated_videos/surface_grid_2_car.mp4
240,0,35043,286,240000,0.0,0.27667236328125,9.494449615478516,generated_videos/surface_grid_2_car.mp4
241,0,35190,290,240000,0.0,0.0,0.0,generated_videos/surface_grid_2_car.mp4
242,0,35333,290,240000,0.0,0.0,4.874716281890869,generated_videos/surface_grid_2_car.mp4
243,0,35474,286,240000,0.0,0.0,0.7676045894622803,generated_videos/surface_grid_2_car.mp4
244,0,35622,291,240000,0.0,0.0,0.0,generated_videos/surface_grid_2_car.mp4
245,0,35772,294,240000,0.0,0.0,0.0,generated_videos/surface_grid_2_car.mp4
246,0,35922,295,240000,0.0,0.0,0.0,generated_videos/surface_grid_2_car.mp4
247,0,36068,292,240000,0.0,0.0,0.31618818640708923,generated_videos/surface_grid_2_car.mp4
248,0,36212,290,240000,0.0,0.0,3.589705467224121,generated_videos/surface_grid_2_car.mp4
249,0,36356,293,240000,0.0,0.0,4.4982500076293945,generated_videos/surface_grid_2_car.mp4
250,0,36495,285,240000,0.0,0.0,8.579843521118164,generated_videos/surface_grid_2_car.mp4
251,0,36642,293,240000,0.0,0.0,0.0,generated_videos/surface_grid_2_car.mp4
252,0,36795,297,240000,0.0,0.0,0.0,generated_videos/surface_grid_2_car.mp4
253,0,36948,300,240000,0.0,0.0,0.0,generated_videos/surface_grid_2_car.mp4
254,0,37100,301,240000,0.0,0.0,0.0,generated_videos/surface_grid_2_car.mp4
255,0,37253,304,240000,0.0,0.0,0.0,generated_videos/surface_grid_2_car.mp4
256,0,37400,297,240000,0.0,0.0,5.059915542602539,generated_videos/surface_grid_2_car.mp4
257,0,37547,298,240000,0.0,0.0,4.632274627685547,generated_videos/surface_grid_2_car.mp4
258,0,37698,300,240000,0.0,0.0,0.0,generated_videos/surface_grid_2_car.mp4
259,0,37847,301,240000,0.0,0.0,5.546689510345459,generated_videos/surface_grid_2_car.mp4
260,0,38007,306,240000,0.0,0.0,0.0,generated_videos/surface_grid_2_car.mp4
261,0,38163,300,240000,0.0,0.0,0.0,generated_videos/surface_grid_2_car.mp4
262,0,38321,305,240000,0.0,0.0,0.0,generated_videos/surface_grid_2_car.mp4
263,0,38476,303,240000,0.0,0.0,0.0,generated_videos/surface_grid_2_car.mp4
264,0,38630,302,240000,0.0,0.0,0.0,generated_videos/surface_grid_2_car.mp4
265,0,38788,297,240000,0.0,0.0,0.0,generated_videos/surface_grid_2_car.mp4
266,0,38942,296,240000,0.0,0.0,0.0,generated_videos/surface_grid_2_car.mp4
267,0,39092,298,240000,0.0,0.0,0.0,generated_videos/surface_grid_2_car.mp4
268,0,39245,298,240000,0.0,0.0,0.0,generated_videos/surface_grid_2_car.mp4
269,0,39392,297,240000,0.0,0.0,4.886160850524902,generated_videos/surface_grid_2_car.mp4
270,0,39535,298,240000,0.0,0.0,8.990257263183594,generated_videos/surface_grid_2_car.mp4
271,0,39678,298,240000,0.0,0.0,8.549428939819336,generated_videos/surface_grid_2_car.mp4
272,0,39822,301,240000,0.0,0.0,8.504232406616211,generated_videos/surface_grid_2_car.mp4
273,0,39959,298,240000,0.0,1.4628448486328125,13.136451721191406,generated_videos/surface_grid_2_car.mp4
274,0,40102,305,240000,0.0,0.52410888671875,10.619054794311523,generated_videos/surface_grid_2_car.mp4
275,0,40249,297,240000,0.0,0.0,1.5964510440826416,generated_videos/surface_grid_2_car.mp4
276,0,40398,302,240000,0.0,0.0,5.997689247131348,generated_videos/surface_grid_2_car.mp4
277,0,40542,302,240000,0.0,0.8598251342773438,8.361347198486328,generated_videos/surface_grid_2_car.mp4
278,0,40694,311,240000,0.0,0.0,6.1080522537231445,generated_videos/surface_grid_2_car.mp4
279,0,40842,309,240000,0.0,0.04937744140625,8.204483985900879,generated_videos/surface_grid_2_car.mp4
280,0,40991,309,240000,0.0,0.0,8.116448402404785,generated_videos/surface_grid_2_car.mp4
281,0,41137,307,240000,0.0,0.450653076171875,13.62779426574707,generated_videos/surface_grid_2_car.mp4
282,0,41280,304,240000,0.0,7.5509033203125,14.21338939666748,generated_videos/surface_grid_2_car.mp4
283,0,41424,306,240000,0.0,4.236482620239258,12.258428573608398,generated_videos/surface_grid_2_car.mp4
284,0,41566,305,240000,0.0,7.171937942504883,12.4758939743042,generated_videos/surface_grid_2_car.mp4
285,0,41711,308,240000,0.0,5.226618766784668,10.456716537475586,generated_videos/surface_grid_2_car.mp4
286,0,41853,306,240000,0.0,6.052391052246094,12.912569046020508,generated_videos/surface_grid_2_car.mp4
287,0,42000,305,240000,0.0,3.5224609375,9.157097816467285,generated_videos/surface_grid_2_car.mp4
288,0,42143,305,240000,0.0,0.066680908203125,6.569075584411621,generated_videos/surface_grid_2_car.mp4
289,0,42282,300,240000,0.0,7.75323486328125,15.38632869720459,generated_videos/surface_grid_2_car.mp4
290,0,42422,303,240000,0.0,10.542877197265625,16.419330596923828,generated_videos/surface_grid_2_car.mp4
291,0,42567,309,240000,0.0,6.2772216796875,16.901954650878906,generated_videos/surface_grid_2_car.mp4
292,0,42705,304,240000,0.0,9.815777778625488,23.375885009765625,generated_videos/surface_grid_2_car.mp4
293,0,42851,311,240000,0.0,7.809326171875,12.017411231994629,generated_videos/surface_grid_2_car.mp4
294,0,42992,311,240000,0.0,8.5462646484375,16.903121948242188,generated_videos/surface_grid_2_car.mp4
295,0,43129,293,240000,0.0,7.7962646484375,16.191181182861328,generated_videos/surface_grid_2_car.mp4
296,0,43269,290,240000,0.0,0.1810302734375,10.139354705810547,generated_videos/surface_grid_2_car.mp4
297,0,43412,292,240000,0.0,0.0,6.739315986633301,generated_videos/surface_grid_2_car.mp4
298,0,43558,296,240000,0.0,0.0,3.6456844806671143,generated_videos/surface_grid_2_car.mp4
299,0,43703,297,240000,0.0,0.0,6.527792930603027,generated_videos/surface_grid_2_car.mp4
300,0,43855,304,240000,0.0,0.0,0.010438461787998676,generated_videos/surface_grid_2_car.mp4
301,0,44009,308,240000,0.0,0.0,0.010345875285565853,generated_videos/surface_grid_2_car.mp4
302,0,44168,307,240000,0.0,0.0,0.0,generated_videos/surface_grid_2_car.mp4
303,0,44323,307,240000,0.0,0.0,0.0,generated_videos/surface_grid_2_car.mp4
304,0,44479,309,240000,0.0,0.0,0.0,generated_videos/surface_grid_2_car.mp4
305,0,44633,308,240000,0.0,0.0,0.010468641296029091,generated_videos/surface_grid_2_car.mp4
306,0,44785,308,240000,0.0,0.0,1.2873752117156982,generated_videos/surface_grid_2_car.mp4
307,0,44934,314,240000,0.0,0.0,12.766152381896973,generated_videos/surface_grid_2_car.mp4
308,0,45079,319,240000,0.0,0.0,24.4870548248291,generated_videos/surface_grid_2_car.mp4
309,0,45228,307,240000,0.0,0.0,6.440451145172119,generated_videos/surface_grid_2_car.mp4
310,0,45375,310,240000,0.0,0.0,12.744253158569336,generated_videos/surface_grid_2_car.mp4
311,0,45521,313,240000,0.0,0.0,19.66835594177246,generated_videos/surface_grid_2_car.mp4
312,0,45669,312,240000,0.0,0.0,16.614669799804688,generated_videos/surface_grid_2_car.mp4
313,0,45812,311,240000,0.0,0.0,9.083211898803711,generated_videos/surface_grid_2_car.mp4
314,0,45962,313,240000,0.0,0.0,13.735179901123047,generated_videos/surface_grid_2_car.mp4
315,0,46110,314,240000,0.0,0.0,17.92291259765625,generated_videos/surface_grid_2_car.mp4
316,0,46266,319,240000,0.0,0.0,6.373636245727539,generated_videos/surface_grid_2_car.mp4
317,0,46418,313,240000,0.0,0.0,6.160142421722412,generated_videos/surface_grid_2_car.mp4
318,0,46570,315,240000,0.0,0.0,6.6287455558776855,generated_videos/surface_grid_2_car.mp4
319,0,46715,315,240000,0.0,0.0,12.007994651794434,generated_videos/surface_grid_2_car.mp4
320,0,46858,315,240000,0.0,0.056243896484375,12.210380554199219,generated_videos/surface_grid_2_car.mp4
321,0,46999,314,240000,0.0,4.711048126220703,16.486610412597656,generated_videos/surface_grid_2_car.mp4
322,0,47147,320,240000,0.0,0.0281219482421875,17.58405303955078,generated_videos/surface_grid_2_car.mp4
323,0,47292,314,240000,0.0,0.027923583984375,16.328140258789062,generated_videos/surface_grid_2_car.mp4
324,0,47436,315,240000,0.0,0.2811279296875,18.68217658996582,generated_videos/surface_grid_2_car.mp4
325,0,47580,316,240000,0.0,7.1313629150390625,29.050457000732422,generated_videos/surface_grid_2_car.mp4
326,0,47724,319,240000,0.0,0.136688232421875,27.95119857788086,generated_videos/surface_grid_2_car.mp4
327,0,47860,313,240000,0.0,7.495697021484375,31.81097412109375,generated_videos/surface_grid_2_car.mp4
328,0,48000,319,240000,0.0,6.69732666015625,26.710113525390625,generated_videos/surface_grid_2_car.mp4
329,0,48142,317,240000,0.0,7.77618408203125,25.143617630004883,generated_videos/surface_grid_2_car.mp4
330,0,48283,321,240000,0.0,6.69769287109375,24.49810218811035,generated_videos/surface_grid_2_car.mp4
331,0,48427,323,240000,0.0,6.725189208984375,24.128257751464844,generated_videos/surface_grid_2_car.mp4
332,0,48569,321,240000,0.0,7.777862548828125,28.133834838867188,generated_videos/surface_grid_2_car.mp4
333,0,48703,314,240000,0.0,12.50981330871582,32.9716911315918,generated_videos/surface_grid_2_car.mp4
334,0,48845,321,240000,0.0,7.776611328125,27.38235092163086,generated_videos/surface_grid_2_car.mp4
335,0,48986,319,240000,0.0,7.638153076171875,25.820688247680664,generated_videos/surface_grid_2_car.mp4
336,0,49123,318,240000,0.0,10.002397537231445,33.84698486328125,generated_videos/surface_grid_2_car.mp4
337,0,49271,326,240000,0.0,8.201347351074219,23.842365264892578,generated_videos/surface_grid_2_car.mp4
338,0,49418,326,240000,0.0,7.484916687011719,23.564834594726562,generated_videos/surface_grid_2_car.mp4
339,0,49562,323,240000,0.0,9.01678466796875,28.508914947509766,generated_videos/surface_grid_2_car.mp4
340,0,49702,320,240000,0.0,16.757247924804688,42.15424728393555,generated_videos/surface_grid_2_car.mp4
341,0,49841,320,240000,0.0,21.86248016357422,39.58739471435547,generated_videos/surface_grid_2_car.mp4
342,0,49976,314,240000,0.0,24.02446746826172,42.26331329345703,generated_videos/surface_grid_2_car.mp4
343,0,50116,319,240000,0.0,16.940731048583984,44.72352981567383,generated_videos/surface_grid_2_car.mp4
344,0,50258,324,240000,0.0,20.022724151611328,46.3751220703125,generated_videos/surface_grid_2_car.mp4
345,0,50398,325,240000,0.0,13.042379379272461,40.34664535522461,generated_videos/surface_grid_2_car.mp4
346,0,50547,332,240000,0.0,14.36215591430664,25.329505920410156,generated_videos/surface_grid_2_car.mp4
347,0,50686,327,240000,0.0,23.62554931640625,39.99910354614258,generated_videos/surface_grid_2_car.mp4
348,0,50823,322,240000,0.0,25.52151870727539,39.6883659362793,generated_videos/surface_grid_2_car.mp4
349,0,50965,325,240000,0.0,23.29119873046875,38.97959899902344,generated_videos/surface_grid_2_car.mp4
350,0,51109,327,240000,0.0,25.91534423828125,39.22389602661133,generated_videos/surface_grid_2_car.mp4
351,0,51249,322,240000,0.0,28.532028198242188,40.011627197265625,generated_videos/surface_grid_2_car.mp4
352,0,51392,324,240000,0.0,15.51218032836914,35.527000427246094,generated_videos/surface_grid_2_car.mp4
353,0,51541,328,240000,0.0,8.570457458496094,21.868858337402344,generated_videos/surface_grid_2_car.mp4
354,0,51689,328,240000,0.0,12.498313903808594,24.219131469726562,generated_videos/surface_grid_2_car.mp4
355,0,51832,322,240000,0.0,9.83869457244873,26.45074462890625,generated_videos/surface_grid_2_car.mp4
356,0,51980,323,240000,0.0,7.883575439453125,15.32824420928955,generated_videos/surface_grid_2_car.mp4
357,0,52125,323,240000,0.0,12.9041748046875,19.340530395507812,generated_videos/surface_grid_2_car.mp4
358,0,52267,325,240000,0.0,16.238128662109375,21.93106460571289,generated_videos/surface_grid_2_car.mp4
359,0,52399,314,240000,0.0,23.945953369140625,36.87616729736328,generated_videos/surface_grid_2_car.mp4
360,0,52531,316,240000,0.0,27.051048278808594,36.98344421386719,generated_videos/surface_grid_2_car.mp4
361,0,52668,315,240000,0.0,20.78032684326172,38.47168731689453,generated_videos/surface_grid_2_car.mp4
362,0,52806,319,240000,0.0,12.722824096679688,39.20652770996094,generated_videos/surface_grid_2_car.mp4
363,0,52942,317,240000,0.0,12.692970275878906,30.19548988342285,generated_videos/surface_grid_2_car.mp4
364,0,53079,317,240000,0.0,12.87371826171875,42.19594955444336,generated_videos/surface_grid_2_car.mp4
365,0,53219,324,240000,0.0,12.545233726501465,39.963897705078125,generated_videos/surface_grid_2_car.mp4
366,0,53350,317,240000,0.0,13.446807861328125,42.78843307495117,generated_videos/surface_grid_2_car.mp4
367,0,53486,322,240000,0.0,14.116411209106445,42.801300048828125,generated_videos/surface_grid_2_car.mp4
368,0,53627,330,240000,0.0,11.59670639038086,37.528297424316406,generated_videos/surface_grid_2_car.mp4
369,0,53768,328,240000,0.0,12.797296524047852,35.09569549560547,generated_videos/surface_grid_2_car.mp4
370,0,53908,326,240000,0.0,15.71700668334961,34.373252868652344,generated_videos/surface_grid_2_car.mp4
371,0,54044,326,240000,0.0,22.821983337402344,37.04108428955078,generated_videos/surface_grid_2_car.mp4
372,0,54176,321,240000,0.0,28.622528076171875,47.00831985473633,generated_videos/surface_grid_2_car.mp4
373,0,54310,324,240000,0.0,32.848388671875,44.06776428222656,generated_videos/surface_grid_2_car.mp4
374,0,54449,329,240000,0.0,23.53913116455078,44.03807830810547,generated_videos/surface_grid_2_car.mp4
375,0,54595,335,240000,0.0,25.90557861328125,42.67521667480469,generated_videos/surface_grid_2_car.mp4
376,0,54737,331,240000,0.0,25.905548095703125,47.252723693847656,generated_videos/surface_grid_2_car.mp4
377,0,54881,332,240000,0.0,20.9489803314209,39.548980712890625,generated_videos/surface_grid_2_car.mp4
378,0,55021,333,240000,0.0,25.040771484375,40.485862731933594,generated_videos/surface_grid_2_car.mp4
379,0,55162,331,240000,0.0,26.66168212890625,47.13024139404297,generated_videos/surface_grid_2_car.mp4
380,0,55310,331,240000,0.0,23.23797607421875,29.414413452148438,generated_videos/surface_grid_2_car.mp4
381,0,55467,335,240000,0.0,15.442056655883789,20.22049903869629,generated_videos/surface_grid_2_car.mp4
382,0,55616,331,240000,0.0,19.74803352355957,29.250102996826172,generated_videos/surface_grid_2_car.mp4
383,0,55776,337,240000,0.0,7.984619140625,15.28706169128418,generated_videos/surface_grid_2_car.mp4
384,1,55938,261,237224,0.0,0.0,0.0,generated_videos/surface_grid_2_car.mp4
385,0,56101,259,240000,0.0,0.0,0.0,generated_videos/surface_grid_2_car.mp4
386,0,56262,262,240000,0.0,0.0,0.0,generated_videos/surface_grid_2_car.mp4
387,0,56425,265,240000,0.0,0.0,0.0,generated_videos/surface_grid_2_car.mp4
388,0,56590,267,240000,0.0,0.0,0.0,generated_videos/surface_grid_2_car.mp4
389,0,56756,267,240000,0.0,0.0,0.0,generated_videos/surface_grid_2_car.mp4
390,0,56925,269,240000,0.0,0.0,0.0,generated_videos/surface_grid_2_car.mp4
391,0,57096,271,240000,0.0,0.0,0.0,generated_videos/surface_grid_2_car.mp4
392,0,57263,269,240000,0.0,0.0,0.0,generated_videos/surface_grid_2_car.mp4
393,0,57429,269,240000,0.0,0.0,0.0,generated_videos/surface_grid_2_car.mp4
394,0,57599,269,240000,0.0,0.0,0.0,generated_videos/surface_grid_2_car.mp4
395,0,57768,270,240000,0.0,0.0,0.0,generated_videos/surface_grid_2_car.mp4
396,0,57932,268,240000,0.0,0.0,0.0,generated_videos/surface_grid_2_car.mp4
397,0,58090,265,240000,0.0,0.0,0.0,generated_videos/surface_grid_2_car.mp4
398,0,58256,270,240000,0.0,0.0,0.0,generated_videos/surface_grid_2_car.mp4
399,0,58424,272,240000,0.0,0.0,0.0,generated_videos/surface_grid_2_car.mp4
400,0,58592,272,240000,0.0,0.0,0.0,generated_videos/surface_grid_2_car.mp4
401,0,58754,272,240000,0.0,0.0,0.0,generated_videos/surface_grid_2_car.mp4
402,0,58920,274,240000,0.0,0.0,0.0,generated_videos/surface_grid_2_car.mp4
403,0,59082,274,240000,0.0,0.0,0.0,generated_videos/surface_grid_2_car.mp4
404,0,59243,274,240000,0.0,0.0,0.0,generated_videos/surface_grid_2_car.mp4
405,0,59408,276,240000,0.0,0.0,0.0,generated_videos/surface_grid_2_car.mp4
406,0,59567,272,240000,0.0,0.0,0.0,generated_videos/surface_grid_2_car.mp4
407,0,59727,273,240000,0.0,0.0,0.0,generated_videos/surface_grid_2_car.mp4
408,0,59885,272,240000,0.0,0.0,0.0,generated_videos/surface_grid_2_car.mp4
409,0,60040,271,240000,0.0,0.0,0.0,generated_videos/surface_grid_2_car.mp4
410,0,60200,276,240000,0.0,0.0,0.0,generated_videos/surface_grid_2_car.mp4
411,0,60365,276,240000,0.0,0.0,0.0,generated_videos/surface_grid_2_car.mp4
412,0,60528,274,240000,0.0,0.0,0.0,generated_videos/surface_grid_2_car.mp4
413,0,60689,274,240000,0.0,0.0,0.0,generated_videos/surface_grid_2_car.mp4
414,0,60847,273,240000,0.0,0.0,0.0,generated_videos/surface_grid_2_car.mp4
415,0,61008,273,240000,0.0,0.0,0.0,generated_videos/surface_grid_2_car.mp4
416,0,61176,279,240000,0.0,0.0,0.0,generated_videos/surface_grid_2_car.mp4
417,0,61341,281,240000,0.0,0.0,0.0,generated_videos/surface_grid_2_car.mp4
418,0,61506,281,240000,0.0,0.0,0.0,generated_videos/surface_grid_2_car.mp4
419,0,61672,282,240000,0.0,0.0,0.0,generated_videos/surface_grid_2_car.mp4
420,0,61840,282,240000,0.0,0.0,0.0,generated_videos/surface_grid_2_car.mp4
421,0,62002,283,240000,0.0,0.0,0.0,generated_videos/surface_grid_2_car.mp4
422,0,62161,280,240000,0.0,0.0,0.0,generated_videos/surface_grid_2_car.mp4
423,0,62317,279,240000,0.0,0.0,0.0,generated_videos/surface_grid_2_car.mp4
424,0,62472,278,240000,0.0,0.0,0.0,generated_videos/surface_grid_2_car.mp4
425,0,62631,280,240000,0.0,0.0,0.0,generated_videos/surface_grid_2_car.mp4
426,0,62795,282,240000,0.0,0.0,0.0,generated_videos/surface_grid_2_car.mp4
427,0,62958,281,240000,0.0,0.0,0.0,generated_videos/surface_grid_2_car.mp4
428,0,63115,277,240000,0.0,0.0,0.0,generated_videos/surface_grid_2_car.mp4
429,0,63272,273,240000,0.0,0.0,0.0,generated_videos/surface_grid_2_car.mp4
430,0,63430,272,240000,0.0,0.0,0.0,generated_videos/surface_grid_2_car.mp4
431,0,63590,275,240000,0.0,0.0,0.0,generated_videos/surface_grid_2_car.mp4
432,0,63747,276,240000,0.0,0.0,0.0,generated_videos/surface_grid_2_car.mp4
433,0,63903,271,240000,0.0,0.0,0.0,generated_videos/surface_grid_2_car.mp4
434,0,64060,272,240000,0.0,0.0,0.0,generated_videos/surface_grid_2_car.mp4
435,0,64221,273,240000,0.0,0.0,0.0,generated_videos/surface_grid_2_car.mp4
436,0,64373,273,240000,0.0,0.0,0.0,generated_videos/surface_grid_2_car.mp4
437,0,64526,270,240000,0.0,0.0,0.0,generated_videos/surface_grid_2_car.mp4
438,0,64679,272,240000,0.0,0.0,0.0,generated_videos/surface_grid_2_car.mp4
439,0,64832,271,240000,0.0,0.0,0.0,generated_videos/surface_grid_2_car.mp4
440,0,64991,273,240000,0.0,0.0,0.0,generated_videos/surface_grid_2_car.mp4
441,0,65151,274,240000,0.0,0.0,0.0,generated_videos/surface_grid_2_car.mp4
442,0,65307,274,240000,0.0,0.0,0.0,generated_videos/surface_grid_2_car.mp4
443,0,65463,268,240000,0.0,0.0,0.0,generated_videos/surface_grid_2_car.mp4
444,0,65621,270,240000,0.0,0.0,0.0,generated_videos/surface_grid_2_car.mp4
445,0,65785,276,240000,0.0,0.0,0.0,generated_videos/surface_grid_2_car.mp4
446,0,65944,276,240000,0.0,0.0,0.0,generated_videos/surface_grid_2_car.mp4
447,0,66103,273,240000,0.0,0.0,0.0,generated_videos/surface_grid_2_car.mp4
448,0,66259,273,240000,0.0,0.0,0.0,generated_videos/surface_grid_2_car.mp4
449,0,66407,268,240000,0.0,0.0,0.0,generated_videos/surface_grid_2_car.mp4
450,0,66563,266,240000,0.0,0.0,0.0,generated_videos/surface_grid_2_car.mp4
451,0,66714,267,240000,0.0,0.0,0.0,generated_videos/surface_grid_2_car.mp4
452,0,66873,268,240000,0.0,0.0,0.0,generated_videos/surface_grid_2_car.mp4
453,0,67021,268,240000,0.0,0.0,0.0,generated_videos/surface_grid_2_car.mp4
454,0,67165,264,240000,0.0,0.0,0.0,generated_videos/surface_grid_2_car.mp4
455,0,67310,253,240000,0.0,0.0,0.0,generated_videos/surface_grid_2_car.mp4
456,0,67448,239,240000,0.0,0.0,0.0,generated_videos/surface_grid_2_car.mp4
457,0,67580,238,240000,0.0,0.0,0.0,generated_videos/surface_grid_2_car.mp4
458,0,67718,242,240000,0.0,0.0,0.0,generated_videos/surface_grid_2_car.mp4
459,0,67853,241,240000,0.0,0.0,0.0,generated_videos/surface_grid_2_car.mp4
460,0,67997,245,240000,0.0,0.0,0.0,generated_videos/surface_grid_2_car.mp4
461,0,68131,244,240000,0.0,0.0,0.0,generated_videos/surface_grid_2_car.mp4
462,0,68273,244,240000,0.0,0.0,0.0,generated_videos/surface_grid_2_car.mp4
463,0,68418,242,240000,0.0,0.0,0.0,generated_videos/surface_grid_2_car.mp4
464,0,68556,238,240000,0.0,0.0,0.0,generated_videos/surface_grid_2_car.mp4
465,0,68688,237,240000,0.0,0.0,0.0,generated_videos/surface_grid_2_car.mp4
466,0,68824,235,240000,0.0,0.0,0.0,generated_videos/surface_grid_2_car.mp4
467,0,68954,235,240000,0.0,0.0,0.0,generated_videos/surface_grid_2_car.mp4
468,0,69088,239,240000,0.0,0.0,0.0,generated_videos/surface_grid_2_car.mp4
469,0,69216,239,240000,0.0,0.0,0.0,generated_videos/surface_grid_2_car.mp4
470,0,69354,250,240000,0.0,0.0,0.0,generated_videos/surface_grid_2_car.mp4
471,0,69493,251,240000,0.0,0.0,0.0,generated_videos/surface_grid_2_car.mp4
472,0,69631,251,240000,0.0,0.0,0.0,generated_videos/surface_grid_2_car.mp4
473,0,69765,251,240000,0.0,0.0,0.0,generated_videos/surface_grid_2_car.mp4
474,0,69898,248,240000,0.0,0.0,0.0,generated_videos/surface_grid_2_car.mp4
475,0,70036,255,240000,0.0,0.0,0.0,generated_videos/surface_grid_2_car.mp4
476,0,70178,252,240000,0.0,0.0,0.0,generated_videos/surface_grid_2_car.mp4
477,0,70328,256,240000,0.0,0.0,0.0,generated_videos/surface_grid_2_car.mp4
478,0,70472,254,240000,0.0,0.0,0.0,generated_videos/surface_grid_2_car.mp4
479,0,70609,244,240000,0.0,0.0,0.0,generated_videos/surface_grid_2_car.mp4
480,0,70741,245,240000,0.0,0.0,0.0,generated_videos/surface_grid_2_car.mp4
481,0,70883,252,240000,0.0,0.0,0.0,generated_videos/surface_grid_2_car.mp4
482,0,71026,253,240000,0.0,0.0,0.0,generated_videos/surface_grid_2_car.mp4
483,0,71177,258,240000,0.0,0.0,0.0,generated_videos/surface_grid_2_car.mp4
484,0,71325,259,240000,0.0,0.0,0.0,generated_videos/surface_grid_2_car.mp4
485,0,71467,253,240000,0.0,0.0,0.0,generated_videos/surface_grid_2_car.mp4
486,0,71611,252,240000,0.0,0.0,0.0,generated_videos/surface_grid_2_car.mp4
487,0,71765,260,240000,0.0,0.0,0.0,generated_videos/surface_grid_2_car.mp4
488,0,71922,260,240000,0.0,0.0,0.0,generated_videos/surface_grid_2_car.mp4
489,0,72075,258,240000,0.0,0.0,0.0,generated_videos/surface_grid_2_car.mp4
490,0,72227,260,240000,0.0,0.0,0.0,generated_videos/surface_grid_2_car.mp4
491,0,72377,258,240000,0.0,0.0,0.0,generated_videos/surface_grid_2_car.mp4
492,0,72523,258,240000,0.0,0.0,0.0,generated_videos/surface_grid_2_car.mp4
493,0,72679,265,240000,0.0,0.0,0.0,generated_videos/surface_grid_2_car.mp4
494,0,72828,266,240000,0.0,0.0,0.0,generated_videos/surface_grid_2_car.mp4
495,0,72975,261,240000,0.0,0.0,0.0,generated_videos/surface_grid_2_car.mp4
496,0,73114,259,240000,0.0,0.0,0.0,generated_videos/surface_grid_2_car.mp4
497,0,73259,259,240000,0.0,0.0,0.0,generated_videos/surface_grid_2_car.mp4
498,0,73397,259,240000,0.0,0.0,0.0,generated_videos/surface_grid_2_car.mp4
499,0,73545,263,240000,0.0,0.0,0.0,generated_videos/surface_grid_2_car.mp4
500,0,73686,262,240000,0.0,0.0,0.0,generated_videos/surface_grid_2_car.mp4
501,0,73824,261,240000,0.0,0.0,0.0,generated_videos/surface_grid_2_car.mp4
502,0,73972,271,240000,0.0,0.0,0.0,generated_videos/surface_grid_2_car.mp4
503,0,74117,271,240000,0.0,0.0,0.0,generated_videos/surface_grid_2_car.mp4
504,0,74252,261,240000,0.0,0.0,0.0,generated_videos/surface_grid_2_car.mp4
505,0,74388,261,240000,0.0,0.0,0.0,generated_videos/surface_grid_2_car.mp4
506,0,74530,268,240000,0.0,0.0,0.0,generated_videos/surface_grid_2_car.mp4
507,0,74669,268,240000,0.0,0.0,0.0,generated_videos/surface_grid_2_car.mp4
508,0,74816,273,240000,0.0,0.0,0.0,generated_videos/surface_grid_2_car.mp4
509,0,74966,273,240000,0.0,0.0,0.0,generated_videos/surface_grid_2_car.mp4
510,0,75121,268,240000,0.0,0.0,0.0,generated_videos/surface_grid_2_car.mp4
511,0,75269,268,240000,0.0,0.0,0.0,generated_videos/surface_grid_2_car.mp4
512,0,75425,271,240000,0.0,0.0,0.0,generated_videos/surface_grid_2_car.mp4
513,0,75573,271,240000,0.0,0.0,0.0,generated_videos/surface_grid_2_car.mp4
514,0,75727,264,240000,0.0,0.0,0.0,generated_videos/surface_grid_2_car.mp4
515,0,75874,265,240000,0.0,0.0,0.0,generated_videos/surface_grid_2_car.mp4
516,0,76029,267,240000,0.0,0.0,0.0,generated_videos/surface_grid_2_car.mp4
517,0,76174,269,240000,0.0,0.0,0.0,generated_videos/surface_grid_2_car.mp4
518,0,76329,275,240000,0.0,0.0,0.0,generated_videos/surface_grid_2_car.mp4
519,0,76480,271,240000,0.0,0.0,0.0,generated_videos/surface_grid_2_car.mp4
520,0,76636,272,240000,0.0,0.0,0.0,generated_videos/surface_grid_2_car.mp4
521,0,76781,272,240000,0.0,0.0,0.0,generated_videos/surface_grid_2_car.mp4
522,0,76921,267,240000,0.0,0.0,0.0,generated_videos/surface_grid_2_car.mp4
523,0,77062,267,240000,0.0,0.0,0.0,generated_videos/surface_grid_2_car.mp4
524,0,77207,271,240000,0.0,0.0,0.0,generated_videos/surface_grid_2_car.mp4
525,0,77352,271,240000,0.0,0.0,0.0,generated_videos/surface_grid_2_car.mp4
526,0,77491,271,240000,0.0,0.0,0.0,generated_videos/surface_grid_2_car.mp4
527,0,77630,272,240000,0.0,0.0,0.0,generated_videos/surface_grid_2_car.mp4
528,0,77765,271,240000,0.0,0.0,0.0019562554080039263,generated_videos/surface_grid_2_car.mp4
529,0,77903,273,240000,0.0,0.0,0.0,generated_videos/surface_grid_2_car.mp4
530,0,78036,269,240000,0.0,0.0,0.0,generated_videos/surface_grid_2_car.mp4
531,0,78182,282,240000,0.0,0.0,0.0,generated_videos/surface_grid_2_car.mp4
532,0,78325,283,240000,0.0,0.0,0.0,generated_videos/surface_grid_2_car.mp4
533,0,78464,280,240000,0.0,0.0,4.429664134979248,generated_videos/surface_grid_2_car.mp4
534,0,78601,279,240000,0.0,0.0,0.027209071442484856,generated_videos/surface_grid_2_car.mp4
535,0,78746,277,240000,0.0,0.0,0.0,generated_videos/surface_grid_2_car.mp4
536,0,78884,275,240000,0.0,0.0,0.0,generated_videos/surface_grid_2_car.mp4
537,0,79024,271,240000,0.0,0.0,0.0,generated_videos/surface_grid_2_car.mp4
538,0,79161,272,240000,0.0,0.0,0.0,generated_videos/surface_grid_2_car.mp4
539,0,79306,276,240000,0.0,0.0,0.0,generated_videos/surface_grid_2_car.mp4
540,0,79447,274,240000,0.0,0.0,0.0,generated_videos/surface_grid_2_car.mp4
541,0,79591,276,240000,0.0,0.0,0.0,generated_videos/surface_grid_2_car.mp4
542,0,79732,275,240000,0.0,0.0,0.0,generated_videos/surface_grid_2_car.mp4
543,0,79868,268,240000,0.0,0.0,0.0,generated_videos/surface_grid_2_car.mp4
544,0,80007,269,240000,0.0,0.0,0.0,generated_videos/surface_grid_2_car.mp4
545,0,80154,273,240000,0.0,0.0,0.0,generated_videos/surface_grid_2_car.mp4
546,0,80296,273,240000,0.0,0.0,0.0,generated_videos/surface_grid_2_car.mp4
547,0,80441,275,240000,0.0,0.0,0.0,generated_videos/surface_grid_2_car.mp4
548,0,80579,275,240000,0.0,0.0,0.0,generated_videos/surface_grid_2_car.mp4
549,0,80718,277,240000,0.0,0.0,0.0,generated_videos/surface_grid_2_car.mp4
550,0,80853,277,240000,0.0,0.0,4.246856689453125,generated_videos/surface_grid_2_car.mp4
551,0,80989,277,240000,0.0,0.0,4.069276809692383,generated_videos/surface_grid_2_car.mp4
552,0,81133,286,240000,0.0,0.0,0.0,generated_videos/surface_grid_2_car.mp4
553,0,81272,285,240000,0.0,0.0,0.15082693099975586,generated_videos/surface_grid_2_car.mp4
554,0,81412,285,240000,0.0,0.0,4.053194999694824,generated_videos/surface_grid_2_car.mp4
555,0,81550,284,240000,0.0,0.0,0.07801617681980133,generated_videos/surface_grid_2_car.mp4
556,0,81691,286,240000,0.0,0.06024169921875,10.053508758544922,generated_videos/surface_grid_2_car.mp4
557,0,81830,286,240000,0.0,0.0,0.006469739135354757,generated_videos/surface_grid_2_car.mp4
558,0,81972,290,240000,0.0,0.0,13.988733291625977,generated_videos/surface_grid_2_car.mp4
559,0,82118,283,240000,0.0,0.0,0.0,generated_videos/surface_grid_2_car.mp4
560,0,82271,289,240000,0.0,0.0,0.0,generated_videos/surface_grid_2_car.mp4
561,0,82422,291,240000,0.0,0.0,0.0,generated_videos/surface_grid_2_car.mp4
562,0,82570,289,240000,0.0,0.0,0.0,generated_videos/surface_grid_2_car.mp4
563,0,82708,288,240000,0.0,0.00310516357421875,0.1664023995399475,generated_videos/surface_grid_2_car.mp4
564,0,82849,288,240000,0.0,0.0,10.717607498168945,generated_videos/surface_grid_2_car.mp4
565,0,82987,287,240000,0.0,0.0,0.6769739389419556,generated_videos/surface_grid_2_car.mp4
566,0,83134,291,240000,0.0,0.0,0.0,generated_videos/surface_grid_2_car.mp4
567,0,83279,289,240000,0.0,0.0,0.0,generated_videos/surface_grid_2_car.mp4
568,0,83426,290,240000,0.0,0.0,0.0,generated_videos/surface_grid_2_car.mp4
569,0,83572,288,240000,0.0,0.0,0.0,generated_videos/surface_grid_2_car.mp4
570,0,83717,288,240000,0.0,0.0,0.0,generated_videos/surface_grid_2_car.mp4
571,0,83866,294,240000,0.0,0.0,0.0,generated_videos/surface_grid_2_car.mp4
572,0,84002,282,240000,0.0,0.0726165771484375,9.785484313964844,generated_videos/surface_grid_2_car.mp4
573,0,84138,284,240000,0.0,0.0,0.18757960200309753,generated_videos/surface_grid_2_car.mp4
574,0,84271,282,240000,0.0,7.446208953857422,16.088714599609375,generated_videos/surface_grid_2_car.mp4
575,0,84402,284,240000,0.0,6.4842071533203125,10.627333641052246,generated_videos/surface_grid_2_car.mp4
576,0,84535,283,240000,0.0,0.080078125,5.60758113861084,generated_videos/surface_grid_2_car.mp4
577,0,84671,287,240000,0.0,5.319541931152344,16.47812843322754,generated_videos/surface_grid_2_car.mp4
578,0,84805,284,240000,0.0,0.0003533363342285156,2.4459519386291504,generated_videos/surface_grid_2_car.mp4
579,0,84939,284,240000,0.0,10.386829376220703,15.36982536315918,generated_videos/surface_grid_2_car.mp4
580,0,85076,282,240000,0.0,0.0,0.0,generated_videos/surface_grid_2_car.mp4
581,0,85220,285,240000,0.0,0.0,0.0,generated_videos/surface_grid_2_car.mp4
582,0,85361,285,240000,0.0,0.0,0.0011357296025380492,generated_videos/surface_grid_2_car.mp4
583,0,85500,283,240000,0.0,0.0,11.535605430603027,generated_videos/surface_grid_2_car.mp4
584,0,85640,284,240000,0.0,0.0,0.0011364873498678207,generated_videos/surface_grid_2_car.mp4
585,0,85780,285,240000,0.0,0.0,9.043913841247559,generated_videos/surface_grid_2_car.mp4
586,0,85919,287,240000,0.0,0.0,0.0002544738235883415,generated_videos/surface_grid_2_car.mp4
587,0,86046,277,240000,0.0,14.548873901367188,16.072206497192383,generated_videos/surface_grid_2_car.mp4
588,0,86170,275,240000,0.0,13.8746337890625,15.364351272583008,generated_videos/surface_grid_2_car.mp4
589,0,86308,288,240000,0.0,5.5732269287109375,14.269075393676758,generated_videos/surface_grid_2_car.mp4
590,0,86447,286,240000,0.0,0.02303314208984375,9.826864242553711,generated_videos/surface_grid_2_car.mp4
591,0,86585,285,240000,0.0,0.13299560546875,16.186655044555664,generated_videos/surface_grid_2_car.mp4
592,0,86719,286,240000,0.0,0.0050506591796875,3.9723992347717285,generated_videos/surface_grid_2_car.mp4
593,0,86858,292,240000,0.0,0.1296844482421875,13.921743392944336,generated_videos/surface_grid_2_car.mp4
594,0,86992,290,240000,0.0,0.00757598876953125,8.197169303894043,generated_videos/surface_grid_2_car.mp4
595,0,87126,292,240000,0.0,7.6310882568359375,24.93990707397461,generated_videos/surface_grid_2_car.mp4
596,0,87255,292,240000,0.0,1.4220848083496094,17.30389404296875,generated_videos/surface_grid_2_car.mp4
597,0,87386,293,240000,0.0,14.966163635253906,30.337081909179688,generated_videos/surface_grid_2_car.mp4
598,0,87512,291,240000,0.0,13.657028198242188,20.223207473754883,generated_videos/surface_grid_2_car.mp4
599,0,87639,293,240000,0.0,17.07257080078125,32.516761779785156,generated_videos/surface_grid_2_car.mp4
600,0,87767,296,240000,0.0,22.312103271484375,30.489524841308594,generated_videos/surface_grid_2_car.mp4
601,0,87893,295,240000,0.0,21.451751708984375,28.983158111572266,generated_videos/surface_grid_2_car.mp4
602,0,88023,295,240000,0.0,25.884490966796875,43.09789276123047,generated_videos/surface_grid_2_car.mp4
603,0,88148,294,240000,0.0,15.734085083007812,30.305282592773438,generated_videos/surface_grid_2_car.mp4
604,0,88290,308,240000,0.0,10.413324356079102,24.488874435424805,generated_videos/surface_grid_2_car.mp4
605,0,88420,308,240000,0.0,8.177215576171875,23.589462280273438,generated_videos/surface_grid_2_car.mp4
606,0,88551,307,240000,0.0,15.378028869628906,34.22819137573242,generated_videos/surface_grid_2_car.mp4
607,0,88680,307,240000,0.0,14.558746337890625,29.570932388305664,generated_videos/surface_grid_2_car.mp4
608,0,88819,305,240000,0.0,6.90972900390625,34.5909309387207,generated_videos/surface_grid_2_car.mp4
609,0,88952,306,240000,0.0,3.6986236572265625,20.99929428100586,generated_videos/surface_grid_2_car.mp4
610,0,89096,312,240000,0.0,1.1232376098632812,29.840412139892578,generated_videos/surface_grid_2_car.mp4
611,0,89233,313,240000,0.0,0.00047779083251953125,11.755958557128906,generated_videos/surface_grid_2_car.mp4
612,0,89370,313,240000,0.0,15.2174072265625,22.511981964111328,generated_videos/surface_grid_2_car.mp4
613,0,89502,310,240000,0.0,7.740959167480469,21.258628845214844,generated_videos/surface_grid_2_car.mp4
614,0,89635,311,240000,0.0,15.491844177246094,38.44227600097656,generated_videos/surface_grid_2_car.mp4
615,0,89767,311,240000,0.0,13.75689697265625,30.48807716369629,generated_videos/surface_grid_2_car.mp4
616,0,89905,318,240000,0.0,14.553680419921875,26.90561294555664,generated_videos/surface_grid_2_car.mp4
617,0,90047,318,240000,0.0,8.63995361328125,23.47440528869629,generated_videos/surface_grid_2_car.mp4
618,1,90110,137,111379,0.0,0.7781982421875,14.946148872375488,generated_videos/surface_grid_2_car.mp4
619,1,90176,136,111389,0.0,0.0,0.00030400609830394387,generated_videos/surface_grid_2_car.mp4
620,0,90355,250,240000,0.0,0.0,0.0,generated_videos/surface_grid_2_car.mp4
621,0,90518,240,240000,0.0,0.0,0.0,generated_videos/surface_grid_2_car.mp4
622,0,90669,226,240000,0.0,0.0,0.0,generated_videos/surface_grid_2_car.mp4
623,0,90818,228,240000,0.0,0.0,0.0,generated_videos/surface_grid_2_car.mp4
624,0,90970,232,240000,0.0,0.0,0.0,generated_videos/surface_grid_2_car.mp4
625,0,91121,217,240000,0.0,0.0,0.0,generated_videos/surface_grid_2_car.mp4
626,0,91270,217,240000,0.0,0.0,0.0,generated_videos/surface_grid_2_car.mp4
627,0,91423,221,240000,0.0,0.0,0.0,generated_videos/surface_grid_2_car.mp4
628,0,91581,224,240000,0.0,0.0,0.0,generated_videos/surface_grid_2_car.mp4
629,0,91735,219,240000,0.0,0.0,0.0,generated_videos/surface_grid_2_car.mp4
630,0,91883,219,240000,0.0,0.0,0.0,generated_videos/surface_grid_2_car.mp4
631,0,92032,219,240000,0.0,0.0,0.0,generated_videos/surface_grid_2_car.mp4
632,0,92180,219,240000,0.0,0.0,0.0,generated_videos/surface_grid_2_car.mp4
633,0,92332,220,240000,0.0,0.0,0.0,generated_videos/surface_grid_2_car.mp4
634,0,92479,221,240000,0.0,0.0,0.0,generated_videos/surface_grid_2_car.mp4
635,0,92622,219,240000,0.0,0.0,0.0,generated_videos/surface_grid_2_car.mp4
636,0,92763,219,240000,0.0,0.0,0.0,generated_videos/surface_grid_2_car.mp4
637,0,92912,225,240000,0.0,0.0,0.0,generated_videos/surface_grid_2_car.mp4
638,0,93055,226,240000,0.0,0.0,0.0,generated_videos/surface_grid_2_car.mp4
639,0,93201,227,240000,0.0,0.0,0.0,generated_videos/surface_grid_2_car.mp4
640,0,93343,227,240000,0.0,0.0,0.0,generated_videos/surface_grid_2_car.mp4
641,0,93486,225,240000,0.0,0.0,0.0,generated_videos/surface_grid_2_car.mp4
642,0,93626,226,240000,0.0,0.0,0.0,generated_videos/surface_grid_2_car.mp4
643,0,93776,234,240000,0.0,0.0,0.0,generated_videos/surface_grid_2_car.mp4
644,0,93919,234,240000,0.0,0.0,0.0,generated_videos/surface_grid_2_car.mp4
645,0,94071,240,240000,0.0,0.0,0.0,generated_videos/surface_grid_2_car.mp4
646,0,94216,239,240000,0.0,0.0,0.0,generated_videos/surface_grid_2_car.mp4
647,0,94370,243,240000,0.0,0.0,0.0,generated_videos/surface_grid_2_car.mp4
648,0,94514,242,240000,0.0,0.0,0.0,generated_videos/surface_grid_2_car.mp4
649,0,94660,242,240000,0.0,0.0,0.0,generated_videos/surface_grid_2_car.mp4
650,0,94798,240,240000,0.0,0.0,0.0,generated_videos/surface_grid_2_car.mp4
651,0,94937,239,240000,0.0,0.0,0.0,generated_videos/surface_grid_2_car.mp4
652,0,95077,240,240000,0.0,0.0,0.0,generated_videos/surface_grid_2_car.mp4
653,0,95214,239,240000,0.0,0.0,0.0,generated_videos/surface_grid_2_car.mp4
654,0,95355,243,240000,0.0,0.0,0.0,generated_videos/surface_grid_2_car.mp4
655,0,95493,243,240000,0.0,0.0,0.0,generated_videos/surface_grid_2_car.mp4
656,0,95640,254,240000,0.0,0.0,0.0,generated_videos/surface_grid_2_car.mp4
657,0,95778,254,240000,0.0,0.0,0.0,generated_videos/surface_grid_2_car.mp4
658,0,95922,255,240000,0.0,0.0,0.0,generated_videos/surface_grid_2_car.mp4
659,0,96061,253,240000,0.0,0.0,0.0,generated_videos/surface_grid_2_car.mp4
660,0,96214,248,240000,0.0,0.0,0.0,generated_videos/surface_grid_2_car.mp4
661,0,96358,247,240000,0.0,0.0,0.0,generated_videos/surface_grid_2_car.mp4
662,0,96516,239,240000,0.0,0.0,0.0,generated_videos/surface_grid_2_car.mp4
663,0,96674,238,240000,0.0,0.0,0.0,generated_videos/surface_grid_2_car.mp4
664,0,96842,237,240000,0.0,0.0,0.0,generated_videos/surface_grid_2_car.mp4
665,0,97000,235,240000,0.0,0.0,0.0,generated_videos/surface_grid_2_car.mp4
666,0,97167,233,240000,0.0,0.0,0.0,generated_videos/surface_grid_2_car.mp4
667,0,97317,233,240000,0.0,0.0,0.0,generated_videos/surface_grid_2_car.mp4
668,0,97469,231,240000,0.0,0.0,0.0,generated_videos/surface_grid_2_car.mp4
669,0,97616,232,240000,0.0,0.0,0.0,generated_videos/surface_grid_2_car.mp4
670,0,97765,231,240000,0.0,0.0,0.0,generated_videos/surface_grid_2_car.mp4
671,0,97914,234,240000,0.0,0.0,0.0,generated_videos/surface_grid_2_car.mp4
672,0,98061,234,240000,0.0,0.0,0.0,generated_videos/surface_grid_2_car.mp4
673,0,98206,235,240000,0.0,0.0,0.0,generated_videos/surface_grid_2_car.mp4
674,0,98359,242,240000,0.0,0.0,0.0,generated_videos/surface_grid_2_car.mp4
675,0,98504,243,240000,0.0,0.0,0.0,generated_videos/surface_grid_2_car.mp4
676,0,98655,244,240000,0.0,0.0,0.0,generated_videos/surface_grid_2_car.mp4
677,0,98799,237,240000,0.0,0.0,0.0,generated_videos/surface_grid_2_car.mp4
678,0,98943,238,240000,0.0,0.0,0.0,generated_videos/surface_grid_2_car.mp4
679,0,99096,242,240000,0.0,0.0,0.0,generated_videos/surface_grid_2_car.mp4
680,0,99248,242,240000,0.0,0.0,0.0,generated_videos/surface_grid_2_car.mp4
681,0,99395,235,240000,0.0,0.0,0.0,generated_videos/surface_grid_2_car.mp4
682,0,99540,236,240000,0.0,0.0,0.0,generated_videos/surface_grid_2_car.mp4
683,0,99687,237,240000,0.0,0.0,0.0,generated_videos/surface_grid_2_car.mp4
684,0,99836,237,240000,0.0,0.0,0.0,generated_videos/surface_grid_2_car.mp4
685,0,99977,229,240000,0.0,0.0,0.0,generated_videos/surface_grid_2_car.mp4
686,0,100110,228,240000,0.0,0.0,0.0,generated_videos/surface_grid_2_car.mp4
687,0,100252,236,240000,0.0,0.0,0.0,generated_videos/surface_grid_2_car.mp4
688,0,100394,237,240000,0.0,0.0,0.0,generated_videos/surface_grid_2_car.mp4
689,0,100534,236,240000,0.0,0.0,0.0,generated_videos/surface_grid_2_car.mp4
690,0,100674,235,240000,0.0,0.0,0.0,generated_videos/surface_grid_2_car.mp4
691,0,100814,233,240000,0.0,0.0,0.0,generated_videos/surface_grid_2_car.mp4
692,0,100958,236,240000,0.0,0.0,0.0,generated_videos/surface_grid_2_car.mp4
693,0,101104,240,240000,0.0,0.0,0.0,generated_videos/surface_grid_2_car.mp4
694,0,101251,237,240000,0.0,0.0,0.0,generated_videos/surface_grid_2_car.mp4
695,0,101401,240,240000,0.0,0.0,0.0,generated_videos/surface_grid_2_car.mp4
696,0,101544,241,240000,0.0,0.0,0.0,generated_videos/surface_grid_2_car.mp4
697,0,101682,235,240000,0.0,0.0,0.0,generated_videos/surface_grid_2_car.mp4
698,0,101820,237,240000,0.0,0.0,0.0,generated_videos/surface_grid_2_car.mp4
699,0,101961,240,240000,0.0,0.0,0.0,generated_videos/surface_grid_2_car.mp4
700,0,102104,242,240000,0.0,0.0,0.0,generated_videos/surface_grid_2_car.mp4
701,0,102247,242,240000,0.0,0.0,0.0,generated_videos/surface_grid_2_car.mp4
702,0,102397,241,240000,0.0,0.0,0.0,generated_videos/surface_grid_2_car.mp4
703,0,102536,240,240000,0.0,0.0,0.0,generated_videos/surface_grid_2_car.mp4
704,0,102680,241,240000,0.0,0.0,0.0,generated_videos/surface_grid_2_car.mp4
705,0,102825,243,240000,0.0,0.0,0.0,generated_videos/surface_grid_2_car.mp4
706,0,102970,242,240000,0.0,0.0,0.0,generated_videos/surface_grid_2_car.mp4
707,0,103108,240,240000,0.0,0.0,0.0,generated_videos/surface_grid_2_car.mp4
708,0,103247,242,240000,0.0,0.0,0.0,generated_videos/surface_grid_2_car.mp4
709,0,103386,244,240000,0.0,0.0,0.0,generated_videos/surface_grid_2_car.mp4
710,0,103518,237,240000,0.0,0.0,0.0,generated_videos/surface_grid_2_car.mp4
711,0,103656,238,240000,0.0,0.0,0.0,generated_videos/surface_grid_2_car.mp4
712,0,103798,241,240000,0.0,0.0,0.0,generated_videos/surface_grid_2_car.mp4
713,0,103937,242,240000,0.0,0.0,0.0,generated_videos/surface_grid_2_car.mp4
714,0,104078,243,240000,0.0,0.0,0.0,generated_videos/surface_grid_2_car.mp4
715,0,104224,245,240000,0.0,0.0,0.0,generated_videos/surface_grid_2_car.mp4
716,0,104372,245,240000,0.0,0.0,0.0,generated_videos/surface_grid_2_car.mp4
717,0,104511,246,240000,0.0,0.0,0.0,generated_videos/surface_grid_2_car.mp4
718,0,104650,244,240000,0.0,0.0,0.0,generated_videos/surface_grid_2_car.mp4
719,0,104791,245,240000,0.0,0.0,0.0,generated_videos/surface_grid_2_car.mp4
720,0,104937,246,240000,0.0,0.0,0.0,generated_videos/surface_grid_2_car.mp4
721,0,105081,247,240000,0.0,0.0,0.0,generated_videos/surface_grid_2_car.mp4
722,0,105233,252,240000,0.0,0.0,0.0,generated_videos/surface_grid_2_car.mp4
723,0,105384,254,240000,0.0,0.0,0.0,generated_videos/surface_grid_2_car.mp4
724,0,105538,256,240000,0.0,0.0,0.0,generated_videos/surface_grid_2_car.mp4
725,0,105697,266,240000,0.0,0.0,0.0,generated_videos/surface_grid_2_car.mp4
726,0,105849,266,240000,0.0,0.0,0.0,generated_videos/surface_grid_2_car.mp4
727,0,106004,266,240000,0.0,0.0,0.0,generated_videos/surface_grid_2_car.mp4
728,0,106147,267,240000,0.0,0.0,0.0,generated_videos/surface_grid_2_car.mp4
729,0,106290,265,240000,0.0,0.0,0.0,generated_videos/surface_grid_2_car.mp4
730,0,106425,263,240000,0.0,0.0,0.0,generated_videos/surface_grid_2_car.mp4
731,0,106563,263,240000,0.0,0.0,0.0,generated_videos/surface_grid_2_car.mp4
732,0,106708,263,240000,0.0,0.0,0.0,generated_videos/surface_grid_2_car.mp4
733,0,106855,265,240000,0.0,0.0,0.0,generated_videos/surface_grid_2_car.mp4
734,0,106998,263,240000,0.0,0.0,0.0,generated_videos/surface_grid_2_car.mp4
735,0,107143,262,240000,0.0,0.0,0.0,generated_videos/surface_grid_2_car.mp4
736,0,107280,262,240000,0.0,0.0,0.0,generated_videos/surface_grid_2_car.mp4
737,0,107417,264,240000,0.0,0.0,0.0,generated_videos/surface_grid_2_car.mp4
738,0,107553,264,240000,0.0,0.0,0.0,generated_videos/surface_grid_2_car.mp4
739,0,107682,255,240000,0.0,0.0,0.0,generated_videos/surface_grid_2_car.mp4
740,0,107812,257,240000,0.0,0.0,0.0,generated_videos/surface_grid_2_car.mp4
741,0,107943,255,240000,0.0,0.0,0.0,generated_videos/surface_grid_2_car.mp4
742,0,108085,260,240000,0.0,0.0,0.0,generated_videos/surface_grid_2_car.mp4
743,0,108215,251,240000,0.0,0.0,0.0,generated_videos/surface_grid_2_car.mp4
744,0,108347,253,240000,0.0,0.0,0.0,generated_videos/surface_grid_2_car.mp4
745,0,108488,257,240000,0.0,0.0,0.0,generated_videos/surface_grid_2_car.mp4
746,0,108629,256,240000,0.0,0.0,0.0,generated_videos/surface_grid_2_car.mp4
747,0,108769,254,240000,0.0,0.0,0.0,generated_videos/surface_grid_2_car.mp4
748,0,108917,256,240000,0.0,0.0,0.0,generated_videos/surface_grid_2_car.mp4
749,0,109060,252,240000,0.0,0.0,0.0,generated_videos/surface_grid_2_car.mp4
750,0,109205,255,240000,0.0,0.0,0.0,generated_videos/surface_grid_2_car.mp4
751,0,109355,255,240000,0.0,0.0,0.0,generated_videos/surface_grid_2_car.mp4
752,0,109508,260,240000,0.0,0.0,0.0,generated_videos/surface_grid_2_car.mp4
753,0,109663,259,240000,0.0,0.0,0.0,generated_videos/surface_grid_2_car.mp4
754,0,109817,257,240000,0.0,0.0,0.0,generated_videos/surface_grid_2_car.mp4
755,0,109964,258,240000,0.0,0.0,0.0,generated_videos/surface_grid_2_car.mp4
756,0,110111,257,240000,0.0,0.0,0.0,generated_videos/surface_grid_2_car.mp4
757,0,110270,260,240000,0.0,0.0,0.0,generated_videos/surface_grid_2_car.mp4
758,0,110416,242,240000,0.0,0.0,0.0,generated_videos/surface_grid_2_car.mp4
759,0,110568,233,240000,0.0,0.0,0.0,generated_videos/surface_grid_2_car.mp4
760,0,110718,230,240000,0.0,0.0,0.0,generated_videos/surface_grid_2_car.mp4
761,0,110885,237,240000,0.0,0.0,0.0,generated_videos/surface_grid_2_car.mp4
762,0,111039,228,240000,0.0,0.0,0.0,generated_videos/surface_grid_2_car.mp4
763,0,111192,228,240000,0.0,0.0,0.0,generated_videos/surface_grid_2_car.mp4
764,0,111345,227,240000,0.0,0.0,0.0,generated_videos/surface_grid_2_car.mp4
765,0,111498,229,240000,0.0,0.0,0.0,generated_videos/surface_grid_2_car.mp4
766,0,111659,235,240000,0.0,0.0,0.0,generated_videos/surface_grid_2_car.mp4
767,0,111820,235,240000,0.0,0.0,0.0,generated_videos/surface_grid_2_car.mp4
768,0,111973,228,240000,0.0,0.0,0.0,generated_videos/surface_grid_2_car.mp4
769,0,112128,230,240000,0.0,0.0,0.0,generated_videos/surface_grid_2_car.mp4
770,0,112284,234,240000,0.0,0.0,0.0,generated_videos/surface_grid_2_car.mp4
771,0,112441,238,240000,0.0,0.0,0.0,generated_videos/surface_grid_2_car.mp4
772,0,112594,236,240000,0.0,0.0,0.0,generated_videos/surface_grid_2_car.mp4
773,0,112757,240,240000,0.0,0.0,0.0,generated_videos/surface_grid_2_car.mp4
774,0,112920,241,240000,0.0,0.0,0.0,generated_videos/surface_grid_2_car.mp4
775,0,113082,242,240000,0.0,0.0,0.0,generated_videos/surface_grid_2_car.mp4
776,0,113242,242,240000,0.0,0.0,0.0,generated_videos/surface_grid_2_car.mp4
777,0,113405,246,240000,0.0,0.0,0.0,generated_videos/surface_grid_2_car.mp4
778,0,113563,243,240000,0.0,0.0,0.0,generated_videos/surface_grid_2_car.mp4
779,0,113715,238,240000,0.0,0.0,0.0,generated_videos/surface_grid_2_car.mp4
780,0,113872,236,240000,0.0,0.0,0.0,generated_videos/surface_grid_2_car.mp4
781,0,114027,235,240000,0.0,0.0,0.0,generated_videos/surface_grid_2_car.mp4
782,0,114191,239,240000,0.0,0.0,0.0,generated_videos/surface_grid_2_car.mp4
783,0,114348,236,240000,0.0,0.0,0.0,generated_videos/surface_grid_2_car.mp4
784,0,114514,242,240000,0.0,0.0,0.0,generated_videos/surface_grid_2_car.mp4
785,0,114677,240,240000,0.0,0.0,0.0,generated_videos/surface_grid_2_car.mp4
786,0,114841,242,240000,0.0,0.0,0.0,generated_videos/surface_grid_2_car.mp4
787,0,115001,236,240000,0.0,0.0,0.0,generated_videos/surface_grid_2_car.mp4
788,0,115160,236,240000,0.0,0.0,0.0,generated_videos/surface_grid_2_car.mp4
789,0,115322,240,240000,0.0,0.0,0.0,generated_videos/surface_grid_2_car.mp4
790,0,115491,241,240000,0.0,0.0,0.0,generated_videos/surface_grid_2_car.mp4
791,0,115660,240,240000,0.0,0.0,0.0,generated_videos/surface_grid_2_car.mp4
792,0,115827,240,240000,0.0,0.0,0.0,generated_videos/surface_grid_2_car.mp4
793,0,115991,238,240000,0.0,0.0,0.0,generated_videos/surface_grid_2_car.mp4
794,0,116157,238,240000,0.0,0.0,0.0,generated_videos/surface_grid_2_car.mp4
795,0,116324,238,240000,0.0,0.0,0.0,generated_videos/surface_grid_2_car.mp4
796,0,116488,238,240000,0.0,0.0,0.0,generated_videos/surface_grid_2_car.mp4
797,0,116651,236,240000,0.0,0.0,0.0,generated_videos/surface_grid_2_car.mp4
798,0,116821,239,240000,0.0,0.0,0.0,generated_videos/surface_grid_2_car.mp4
799,0,116990,237,240000,0.0,0.0,0.0,generated_videos/surface_grid_2_car.mp4
800,0,117155,237,240000,0.0,0.0,0.0,generated_videos/surface_grid_2_car.mp4
801,0,117316,237,240000,0.0,0.0,0.0,generated_videos/surface_grid_2_car.mp4
802,0,117483,244,240000,0.0,0.0,0.0,generated_videos/surface_grid_2_car.mp4
803,0,117643,242,240000,0.0,0.0,0.0,generated_videos/surface_grid_2_car.mp4
804,0,117800,240,240000,0.0,0.0,0.0,generated_videos/surface_grid_2_car.mp4
805,0,117954,240,240000,0.0,0.0,0.0,generated_videos/surface_grid_2_car.mp4
806,0,118105,235,240000,0.0,0.0,0.0,generated_videos/surface_grid_2_car.mp4
807,0,118258,239,240000,0.0,0.0,0.0,generated_videos/surface_grid_2_car.mp4
808,0,118414,241,240000,0.0,0.0,0.0,generated_videos/surface_grid_2_car.mp4
809,0,118567,240,240000,0.0,0.0,0.0,generated_videos/surface_grid_2_car.mp4
810,0,118722,242,240000,0.0,0.0,0.0,generated_videos/surface_grid_2_car.mp4
811,0,118878,245,240000,0.0,0.0,0.0,generated_videos/surface_grid_2_car.mp4
812,0,119032,242,240000,0.0,0.0,0.0,generated_videos/surface_grid_2_car.mp4
813,0,119184,242,240000,0.0,0.0,0.0,generated_videos/surface_grid_2_car.mp4
814,0,119336,244,240000,0.0,0.0,0.0,generated_videos/surface_grid_2_car.mp4
815,0,119494,246,240000,0.0,0.0,0.0,generated_videos/surface_grid_2_car.mp4
816,0,119652,246,240000,0.0,0.0,0.0,generated_videos/surface_grid_2_car.mp4
817,0,119812,247,240000,0.0,0.0,0.0,generated_videos/surface_grid_2_car.mp4
818,0,119977,252,240000,0.0,0.0,0.0,generated_videos/surface_grid_2_car.mp4
819,0,120141,247,240000,0.0,0.0,0.0,generated_videos/surface_grid_2_car.mp4
820,0,120306,248,240000,0.0,0.0,0.0,generated_videos/surface_grid_2_car.mp4
821,0,120473,249,240000,0.0,0.0,0.0,generated_videos/surface_grid_2_car.mp4
822,0,120642,251,240000,0.0,0.0,0.0,generated_videos/surface_grid_2_car.mp4
823,0,120809,252,240000,0.0,0.0,0.0,generated_videos/surface_grid_2_car.mp4
824,0,120972,252,240000,0.0,0.0,0.0,generated_videos/surface_grid_2_car.mp4
825,0,121138,256,240000,0.0,0.0,0.0,generated_videos/surface_grid_2_car.mp4
826,0,121301,255,240000,0.0,0.0,0.0,generated_videos/surface_grid_2_car.mp4
827,0,121466,256,240000,0.0,0.0,0.0,generated_videos/surface_grid_2_car.mp4
828,0,121631,253,240000,0.0,0.0,0.0,generated_videos/surface_grid_2_car.mp4
829,0,121790,253,240000,0.0,0.0,0.0,generated_videos/surface_grid_2_car.mp4
830,0,121955,255,240000,0.0,0.0,0.0,generated_videos/surface_grid_2_car.mp4
831,0,122118,257,240000,0.0,0.0,0.0,generated_videos/surface_grid_2_car.mp4
832,0,122275,253,240000,0.0,0.0,0.0,generated_videos/surface_grid_2_car.mp4
833,0,122443,263,240000,0.0,0.0,0.0,generated_videos/surface_grid_2_car.mp4
834,0,122606,263,240000,0.0,0.0,0.0,generated_videos/surface_grid_2_car.mp4
835,0,122760,257,240000,0.0,0.0,0.0,generated_videos/surface_grid_2_car.mp4
836,0,122922,259,240000,0.0,0.0,0.0,generated_videos/surface_grid_2_car.mp4
837,0,123074,257,240000,0.0,0.0,0.0,generated_videos/surface_grid_2_car.mp4
838,0,123230,259,240000,0.0,0.0,0.0,generated_videos/surface_grid_2_car.mp4
839,0,123382,256,240000,0.0,0.0,0.0,generated_videos/surface_grid_2_car.mp4
840,0,123532,257,240000,0.0,0.0,0.0,generated_videos/surface_grid_2_car.mp4
841,0,123689,259,240000,0.0,0.0,0.0,generated_videos/surface_grid_2_car.mp4
842,0,123843,259,240000,0.0,0.0,0.0,generated_videos/surface_grid_2_car.mp4
843,0,123995,256,240000,0.0,0.0,0.0,generated_videos/surface_grid_2_car.mp4
844,0,124144,253,240000,0.0,0.0,0.0,generated_videos/surface_grid_2_car.mp4
845,0,124291,256,240000,0.0,0.0,0.0,generated_videos/surface_grid_2_car.mp4
846,0,124434,257,240000,0.0,0.0,0.0,generated_videos/surface_grid_2_car.mp4
847,0,124570,252,240000,0.0,0.0,0.0,generated_videos/surface_grid_2_car.mp4
848,0,124724,265,240000,0.0,0.0,0.0,generated_videos/surface_grid_2_car.mp4
849,0,124875,261,240000,0.0,0.0,0.0,generated_videos/surface_grid_2_car.mp4
850,0,125043,253,240000,0.0,0.0,0.0,generated_videos/surface_grid_2_car.mp4
851,0,125213,255,240000,0.0,0.0,0.0,generated_videos/surface_grid_2_car.mp4
852,0,125384,255,240000,0.0,0.0,0.0,generated_videos/surface_grid_2_car.mp4
853,0,125553,254,240000,0.0,0.0,0.0,generated_videos/surface_grid_2_car.mp4
854,0,125715,255,240000,0.0,0.0,0.0,generated_videos/surface_grid_2_car.mp4
855,0,125875,257,240000,0.0,0.0,0.0,generated_videos/surface_grid_2_car.mp4
856,0,126034,254,240000,0.0,0.0,0.0,generated_videos/surface_grid_2_car.mp4
857,0,126190,255,240000,0.0,0.0,0.0,generated_videos/surface_grid_2_car.mp4
858,0,126358,262,240000,0.0,0.0,0.0,generated_videos/surface_grid_2_car.mp4
859,0,126524,262,240000,0.0,0.0,0.0,generated_videos/surface_grid_2_car.mp4
860,0,126685,254,240000,0.0,0.0,0.0,generated_videos/surface_grid_2_car.mp4
861,0,126841,255,240000,0.0,0.0,0.0,generated_videos/surface_grid_2_car.mp4
862,0,127004,259,240000,0.0,0.0,0.0,generated_videos/surface_grid_2_car.mp4
863,0,127178,258,240000,0.0,0.0,0.0,generated_videos/surface_grid_2_car.mp4
864,0,127347,254,240000,0.0,0.0,0.0,generated_videos/surface_grid_2_car.mp4
865,0,127520,255,240000,0.0,0.0,0.0,generated_videos/surface_grid_2_car.mp4
866,0,127690,259,240000,0.0,0.0,0.0,generated_videos/surface_grid_2_car.mp4
867,0,127851,260,240000,0.0,0.0,0.0,generated_videos/surface_grid_2_car.mp4
868,0,128004,253,240000,0.0,0.0,0.0,generated_videos/surface_grid_2_car.mp4
869,0,128161,254,240000,0.0,0.0,0.0,generated_videos/surface_grid_2_car.mp4
870,0,128317,260,240000,0.0,0.0,0.0,generated_videos/surface_grid_2_car.mp4
871,0,128483,263,240000,0.0,0.0,0.0,generated_videos/surface_grid_2_car.mp4
872,0,128640,258,240000,0.0,0.0,0.0,generated_videos/surface_grid_2_car.mp4
873,0,128796,259,240000,0.0,0.0,0.0,generated_videos/surface_grid_2_car.mp4
874,0,128952,262,240000,0.0,0.0,0.0,generated_videos/surface_grid_2_car.mp4
875,0,129109,259,240000,0.0,0.0,0.0,generated_videos/surface_grid_2_car.mp4
876,0,129263,260,240000,0.0,0.0,0.0,generated_videos/surface_grid_2_car.mp4
877,0,129415,261,240000,0.0,0.0,0.0,generated_videos/surface_grid_2_car.mp4
878,0,129566,257,240000,0.0,0.0,0.0,generated_videos/surface_grid_2_car.mp4
879,0,129728,258,240000,0.0,0.0,0.0,generated_videos/surface_grid_2_car.mp4
880,0,129889,256,240000,0.0,0.0,0.0,generated_videos/surface_grid_2_car.mp4
881,0,130051,254,240000,0.0,0.0,0.0,generated_videos/surface_grid_2_car.mp4
882,0,130205,247,240000,0.0,0.0,0.0,generated_videos/surface_grid_2_car.mp4
883,0,130369,250,240000,0.0,0.0,0.0,generated_videos/surface_grid_2_car.mp4
884,0,130530,251,240000,0.0,0.0,0.0,generated_videos/surface_grid_2_car.mp4
885,0,130691,252,240000,0.0,0.0,0.0,generated_videos/surface_grid_2_car.mp4
886,0,130845,245,240000,0.0,0.0,0.0,generated_videos/surface_grid_2_car.mp4
887,0,131013,253,240000,0.0,0.0,0.0,generated_videos/surface_grid_2_car.mp4
888,0,131177,253,240000,0.0,0.0,0.0,generated_videos/surface_grid_2_car.mp4
889,0,131334,248,240000,0.0,0.0,0.0,generated_videos/surface_grid_2_car.mp4
890,0,131490,253,240000,0.0,0.0,0.0,generated_videos/surface_grid_2_car.mp4
891,0,131649,255,240000,0.0,0.0,0.0,generated_videos/surface_grid_2_car.mp4
892,0,131805,256,240000,0.0,0.0,0.0,generated_videos/surface_grid_2_car.mp4
893,0,131962,256,240000,0.0,0.0,0.0,generated_videos/surface_grid_2_car.mp4
894,0,132127,261,240000,0.0,0.0,0.0,generated_videos/surface_grid_2_car.mp4
895,0,132285,260,240000,0.0,0.0,0.0,generated_videos/surface_grid_2_car.mp4
896,0,132447,259,240000,0.0,0.0,0.0,generated_videos/surface_grid_2_car.mp4
897,0,132610,262,240000,0.0,0.0,0.0,generated_videos/surface_grid_2_car.mp4
898,0,132774,261,240000,0.0,0.0,0.0,generated_videos/surface_grid_2_car.mp4
899,0,132936,260,240000,0.0,0.0,0.0,generated_videos/surface_grid_2_car.mp4
900,0,133103,265,240000,0.0,0.0,0.0,generated_videos/surface_grid_2_car.mp4
901,0,133266,265,240000,0.0,0.0,0.0,generated_videos/surface_grid_2_car.mp4
902,0,133427,263,240000,0.0,0.0,0.0,generated_videos/surface_grid_2_car.mp4
903,0,133587,265,240000,0.0,0.0,0.0,generated_videos/surface_grid_2_car.mp4
904,0,133743,269,240000,0.0,0.0,0.0,generated_videos/surface_grid_2_car.mp4
905,0,133903,271,240000,0.0,0.0,0.0,generated_videos/surface_grid_2_car.mp4
906,0,134058,267,240000,0.0,0.0,0.0,generated_videos/surface_grid_2_car.mp4
907,0,134207,258,240000,0.0,0.0,0.0,generated_videos/surface_grid_2_car.mp4
908,0,134350,256,240000,0.0,0.0,0.0,generated_videos/surface_grid_2_car.mp4
909,0,134489,254,240000,0.0,0.0,0.0,generated_videos/surface_grid_2_car.mp4
910,0,134632,258,240000,0.0,0.0,0.0,generated_videos/surface_grid_2_car.mp4
911,0,134778,260,240000,0.0,0.0,0.0,generated_videos/surface_grid_2_car.mp4
912,0,134925,263,240000,0.0,0.0,0.0,generated_videos/surface_grid_2_car.mp4
913,0,135074,264,240000,0.0,0.0,0.0,generated_videos/surface_grid_2_car.mp4
914,0,135222,263,240000,0.0,0.0,0.0,generated_videos/surface_grid_2_car.mp4
915,0,135377,266,240000,0.0,0.0,0.0,generated_videos/surface_grid_2_car.mp4
916,0,135526,266,240000,0.0,0.0,0.0,generated_videos/surface_grid_2_car.mp4
917,0,135673,266,240000,0.0,0.0,0.0,generated_videos/surface_grid_2_car.mp4
918,0,135818,263,240000,0.0,0.0,0.0,generated_videos/surface_grid_2_car.mp4
919,0,135970,271,240000,0.0,0.0,0.0,generated_videos/surface_grid_2_car.mp4
920,0,136112,272,240000,0.0,0.0,0.0,generated_videos/surface_grid_2_car.mp4
921,0,136253,272,240000,0.0,0.0,0.0,generated_videos/surface_grid_2_car.mp4
922,0,136385,263,240000,0.0,0.0,0.0,generated_videos/surface_grid_2_car.mp4
923,0,136530,274,240000,0.0,0.0,0.0,generated_videos/surface_grid_2_car.mp4
924,0,136676,276,240000,0.0,0.0,0.0,generated_videos/surface_grid_2_car.mp4
925,0,136817,273,240000,0.0,0.0,0.0,generated_videos/surface_grid_2_car.mp4
926,0,136953,274,240000,0.0,0.0,0.0004164838755968958,generated_videos/surface_grid_2_car.mp4
927,0,137093,277,240000,0.0,0.0,0.0,generated_videos/surface_grid_2_car.mp4
928,0,137241,277,240000,0.0,0.0,0.0,generated_videos/surface_grid_2_car.mp4
929,0,137386,273,240000,0.0,0.0,0.0,generated_videos/surface_grid_2_car.mp4
930,0,137531,273,240000,0.0,0.0,0.0,generated_videos/surface_grid_2_car.mp4
931,0,137679,276,240000,0.0,0.0,0.0,generated_videos/surface_grid_2_car.mp4
932,0,137831,281,240000,0.0,0.0,0.0,generated_videos/surface_grid_2_car.mp4
933,0,137978,278,240000,0.0,0.0,0.0,generated_videos/surface_grid_2_car.mp4
934,0,138126,281,240000,0.0,0.0,0.0,generated_videos/surface_grid_2_car.mp4
935,0,138272,282,240000,0.0,0.0,0.0,generated_videos/surface_grid_2_car.mp4
936,0,138420,281,240000,0.0,0.0,0.0,generated_videos/surface_grid_2_car.mp4
937,0,138566,285,240000,0.0,0.0,0.0,generated_videos/surface_grid_2_car.mp4
938,0,138710,285,240000,0.0,0.0,0.0,generated_videos/surface_grid_2_car.mp4
939,0,138851,281,240000,0.0,0.0,0.0,generated_videos/surface_grid_2_car.mp4
940,0,138988,274,240000,0.0,0.0,0.04350727051496506,generated_videos/surface_grid_2_car.mp4
941,0,139128,279,240000,0.0,0.0,0.0,generated_videos/surface_grid_2_car.mp4
942,0,139262,278,240000,0.0,0.0,0.0022912328131496906,generated_videos/surface_grid_2_car.mp4
943,0,139401,283,240000,0.0,0.0,2.2542452812194824,generated_videos/surface_grid_2_car.mp4
944,0,139549,288,240000,0.0,0.0,0.0,generated_videos/surface_grid_2_car.mp4
945,0,139690,288,240000,0.0,0.0,3.3978281021118164,generated_videos/surface_grid_2_car.mp4
946,0,139830,288,240000,0.0,0.0,0.004542897455394268,generated_videos/surface_grid_2_car.mp4
947,0,139971,285,240000,0.0,0.0,0.3723398745059967,generated_videos/surface_grid_2_car.mp4
948,0,140122,289,240000,0.0,0.0,0.0,generated_videos/surface_grid_2_car.mp4
949,0,140262,283,240000,0.0,0.0,1.089423656463623,generated_videos/surface_grid_2_car.mp4
950,0,140405,285,240000,0.0,0.0,0.0,generated_videos/surface_grid_2_car.mp4
951,0,140546,284,240000,0.0,0.0,0.0009946150239557028,generated_videos/surface_grid_2_car.mp4
952,0,140689,286,240000,0.0,0.0,0.4545639753341675,generated_videos/surface_grid_2_car.mp4
953,0,140831,280,240000,0.0,0.0,0.0,generated_videos/surface_grid_2_car.mp4
954,0,140985,291,240000,0.0,0.0,0.0,generated_videos/surface_grid_2_car.mp4
955,0,141125,290,240000,0.0,0.0,0.002164269797503948,generated_videos/surface_grid_2_car.mp4
956,0,141267,291,240000,0.0,0.0,8.031490325927734,generated_videos/surface_grid_2_car.mp4
957,0,141414,287,240000,0.0,0.0,0.0,generated_videos/surface_grid_2_car.mp4
958,0,141563,286,240000,0.0,0.0,0.0,generated_videos/surface_grid_2_car.mp4
959,0,141712,289,240000,0.0,0.0,0.0,generated_videos/surface_grid_2_car.mp4
960,0,141865,293,240000,0.0,0.0,0.0,generated_videos/surface_grid_2_car.mp4
961,0,142019,289,240000,0.0,0.0,0.0,generated_videos/surface_grid_2_car.mp4
962,0,142190,282,240000,0.0,0.0,0.0,generated_videos/surface_grid_2_car.mp4
963,0,142359,285,240000,0.0,0.0,0.0,generated_videos/surface_grid_2_car.mp4
964,0,142519,277,240000,0.0,0.0,0.0,generated_videos/surface_grid_2_car.mp4
965,0,142688,284,240000,0.0,0.0,0.0,generated_videos/surface_grid_2_car.mp4
966,0,142848,286,240000,0.0,0.0,0.0,generated_videos/surface_grid_2_car.mp4
967,0,143005,284,240000,0.0,0.0,0.0,generated_videos/surface_grid_2_car.mp4
968,0,143158,281,240000,0.0,0.0,0.0,generated_videos/surface_grid_2_car.mp4
969,0,143314,283,240000,0.0,0.0,0.0,generated_videos/surface_grid_2_car.mp4
970,0,143470,287,240000,0.0,0.0,0.0,generated_videos/surface_grid_2_car.mp4
971,0,143622,287,240000,0.0,0.0,0.0,generated_videos/surface_grid_2_car.mp4
972,0,143771,284,240000,0.0,0.0,0.0,generated_videos/surface_grid_2_car.mp4
973,0,143928,292,240000,0.0,0.0,0.0,generated_videos/surface_grid_2_car.mp4
974,0,144079,293,240000,0.0,0.0,0.0,generated_videos/surface_grid_2_car.mp4
975,0,144231,293,240000,0.0,0.0,0.0,generated_videos/surface_grid_2_car.mp4
976,0,144383,290,240000,0.0,0.0,0.0,generated_videos/surface_grid_2_car.mp4
977,0,144534,289,240000,0.0,0.0,0.0,generated_videos/surface_grid_2_car.mp4
978,0,144690,295,240000,0.0,0.0,0.0,generated_videos/surface_grid_2_car.mp4
979,0,144847,297,240000,0.0,0.0,0.0,generated_videos/surface_grid_2_car.mp4
980,0,145001,297,240000,0.0,0.0,0.0,generated_videos/surface_grid_2_car.mp4
981,0,145158,296,240000,0.0,0.0,0.0,generated_videos/surface_grid_2_car.mp4
982,0,145318,299,240000,0.0,0.0,0.0,generated_videos/surface_grid_2_car.mp4
983,0,145475,299,240000,0.0,0.0,0.0,generated_videos/surface_grid_2_car.mp4
984,0,145629,299,240000,0.0,0.0,0.0,generated_videos/surface_grid_2_car.mp4
985,0,145783,298,240000,0.0,0.0,0.0,generated_videos/surface_grid_2_car.mp4
986,0,145934,301,240000,0.0,0.0,0.0,generated_videos/surface_grid_2_car.mp4
987,0,146090,303,240000,0.0,0.0,0.0,generated_videos/surface_grid_2_car.mp4
988,0,146248,303,240000,0.0,0.0,0.0,generated_videos/surface_grid_2_car.mp4
989,0,146406,303,240000,0.0,0.0,0.0,generated_videos/surface_grid_2_car.mp4
990,0,146562,302,240000,0.0,0.0,0.0,generated_videos/surface_grid_2_car.mp4
991,0,146722,304,240000,0.0,0.0,0.0,generated_videos/surface_grid_2_car.mp4
992,0,146882,304,240000,0.0,0.0,0.0,generated_videos/surface_grid_2_car.mp4
993,0,147036,299,240000,0.0,0.0,0.0,generated_videos/surface_grid_2_car.mp4
